"job.id","problem","algorithm","n_subjects","n_timepoints","prop_observed","observation_variance","random_effect_variance","random_effect_ar1_correlation","effect_size","seed","selection","boot","adaptive","estimate_variance_components","kernel","random_effect","kernel_scale","lambda","name"
1,"synthetic_ar","LSVCMM",30,21,1,0.2,1,0.95,1,1,"aic",FALSE,1,FALSE,"rbf",FALSE,0.1,-1,"TV-Independent (rbf)"
2,"synthetic_ar","LSVCMM",30,21,1,0.2,1,0.95,1,1,"aic",FALSE,1,FALSE,"rbf",TRUE,0.1,-1,"TV-Longitudinal (proxy, rbf)"
3,"synthetic_ar","LSVCMM",30,21,1,0.2,1,0.95,1,1,"aic",FALSE,1,FALSE,"rbf",FALSE,1e-05,-1,"Cross-sectional"
4,"synthetic_ar","LSVCMM",30,21,1,0.2,1,0.95,1,1,"aic",FALSE,1,FALSE,"epa",TRUE,0.05,-1,"TV-Longitudinal (proxy, epa)"
5,"synthetic_ar","LSVCMM",30,21,1,0.2,1,0.95,1,2,"aic",FALSE,1,FALSE,"rbf",FALSE,0.1,-1,"TV-Independent (rbf)"
6,"synthetic_ar","LSVCMM",30,21,1,0.2,1,0.95,1,2,"aic",FALSE,1,FALSE,"rbf",TRUE,0.1,-1,"TV-Longitudinal (proxy, rbf)"
7,"synthetic_ar","LSVCMM",30,21,1,0.2,1,0.95,1,2,"aic",FALSE,1,FALSE,"rbf",FALSE,1e-05,-1,"Cross-sectional"
8,"synthetic_ar","LSVCMM",30,21,1,0.2,1,0.95,1,2,"aic",FALSE,1,FALSE,"epa",TRUE,0.05,-1,"TV-Longitudinal (proxy, epa)"
9,"synthetic_ar","LSVCMM",30,21,1,0.2,1,0.95,1,3,"aic",FALSE,1,FALSE,"rbf",FALSE,0.1,-1,"TV-Independent (rbf)"
10,"synthetic_ar","LSVCMM",30,21,1,0.2,1,0.95,1,3,"aic",FALSE,1,FALSE,"rbf",TRUE,0.1,-1,"TV-Longitudinal (proxy, rbf)"
11,"synthetic_ar","LSVCMM",30,21,1,0.2,1,0.95,1,3,"aic",FALSE,1,FALSE,"rbf",FALSE,1e-05,-1,"Cross-sectional"
12,"synthetic_ar","LSVCMM",30,21,1,0.2,1,0.95,1,3,"aic",FALSE,1,FALSE,"epa",TRUE,0.05,-1,"TV-Longitudinal (proxy, epa)"
13,"synthetic_ar","LSVCMM",30,21,1,0.2,1,0.95,1,4,"aic",FALSE,1,FALSE,"rbf",FALSE,0.1,-1,"TV-Independent (rbf)"
14,"synthetic_ar","LSVCMM",30,21,1,0.2,1,0.95,1,4,"aic",FALSE,1,FALSE,"rbf",TRUE,0.1,-1,"TV-Longitudinal (proxy, rbf)"
15,"synthetic_ar","LSVCMM",30,21,1,0.2,1,0.95,1,4,"aic",FALSE,1,FALSE,"rbf",FALSE,1e-05,-1,"Cross-sectional"
16,"synthetic_ar","LSVCMM",30,21,1,0.2,1,0.95,1,4,"aic",FALSE,1,FALSE,"epa",TRUE,0.05,-1,"TV-Longitudinal (proxy, epa)"
17,"synthetic_ar","LSVCMM",30,21,1,0.2,1,0.95,1,5,"aic",FALSE,1,FALSE,"rbf",FALSE,0.1,-1,"TV-Independent (rbf)"
18,"synthetic_ar","LSVCMM",30,21,1,0.2,1,0.95,1,5,"aic",FALSE,1,FALSE,"rbf",TRUE,0.1,-1,"TV-Longitudinal (proxy, rbf)"
19,"synthetic_ar","LSVCMM",30,21,1,0.2,1,0.95,1,5,"aic",FALSE,1,FALSE,"rbf",FALSE,1e-05,-1,"Cross-sectional"
20,"synthetic_ar","LSVCMM",30,21,1,0.2,1,0.95,1,5,"aic",FALSE,1,FALSE,"epa",TRUE,0.05,-1,"TV-Longitudinal (proxy, epa)"
21,"synthetic_ar","LSVCMM",30,21,1,0.2,1,0.95,1,6,"aic",FALSE,1,FALSE,"rbf",FALSE,0.1,-1,"TV-Independent (rbf)"
22,"synthetic_ar","LSVCMM",30,21,1,0.2,1,0.95,1,6,"aic",FALSE,1,FALSE,"rbf",TRUE,0.1,-1,"TV-Longitudinal (proxy, rbf)"
23,"synthetic_ar","LSVCMM",30,21,1,0.2,1,0.95,1,6,"aic",FALSE,1,FALSE,"rbf",FALSE,1e-05,-1,"Cross-sectional"
24,"synthetic_ar","LSVCMM",30,21,1,0.2,1,0.95,1,6,"aic",FALSE,1,FALSE,"epa",TRUE,0.05,-1,"TV-Longitudinal (proxy, epa)"
25,"synthetic_ar","LSVCMM",30,21,1,0.2,1,0.95,1,7,"aic",FALSE,1,FALSE,"rbf",FALSE,0.1,-1,"TV-Independent (rbf)"
26,"synthetic_ar","LSVCMM",30,21,1,0.2,1,0.95,1,7,"aic",FALSE,1,FALSE,"rbf",TRUE,0.1,-1,"TV-Longitudinal (proxy, rbf)"
27,"synthetic_ar","LSVCMM",30,21,1,0.2,1,0.95,1,7,"aic",FALSE,1,FALSE,"rbf",FALSE,1e-05,-1,"Cross-sectional"
28,"synthetic_ar","LSVCMM",30,21,1,0.2,1,0.95,1,7,"aic",FALSE,1,FALSE,"epa",TRUE,0.05,-1,"TV-Longitudinal (proxy, epa)"
29,"synthetic_ar","LSVCMM",30,21,1,0.2,1,0.95,1,8,"aic",FALSE,1,FALSE,"rbf",FALSE,0.1,-1,"TV-Independent (rbf)"
30,"synthetic_ar","LSVCMM",30,21,1,0.2,1,0.95,1,8,"aic",FALSE,1,FALSE,"rbf",TRUE,0.1,-1,"TV-Longitudinal (proxy, rbf)"
31,"synthetic_ar","LSVCMM",30,21,1,0.2,1,0.95,1,8,"aic",FALSE,1,FALSE,"rbf",FALSE,1e-05,-1,"Cross-sectional"
32,"synthetic_ar","LSVCMM",30,21,1,0.2,1,0.95,1,8,"aic",FALSE,1,FALSE,"epa",TRUE,0.05,-1,"TV-Longitudinal (proxy, epa)"
33,"synthetic_ar","LSVCMM",30,21,1,0.2,1,0.95,1,9,"aic",FALSE,1,FALSE,"rbf",FALSE,0.1,-1,"TV-Independent (rbf)"
34,"synthetic_ar","LSVCMM",30,21,1,0.2,1,0.95,1,9,"aic",FALSE,1,FALSE,"rbf",TRUE,0.1,-1,"TV-Longitudinal (proxy, rbf)"
35,"synthetic_ar","LSVCMM",30,21,1,0.2,1,0.95,1,9,"aic",FALSE,1,FALSE,"rbf",FALSE,1e-05,-1,"Cross-sectional"
36,"synthetic_ar","LSVCMM",30,21,1,0.2,1,0.95,1,9,"aic",FALSE,1,FALSE,"epa",TRUE,0.05,-1,"TV-Longitudinal (proxy, epa)"
37,"synthetic_ar","LSVCMM",30,21,1,0.2,1,0.95,1,10,"aic",FALSE,1,FALSE,"rbf",FALSE,0.1,-1,"TV-Independent (rbf)"
38,"synthetic_ar","LSVCMM",30,21,1,0.2,1,0.95,1,10,"aic",FALSE,1,FALSE,"rbf",TRUE,0.1,-1,"TV-Longitudinal (proxy, rbf)"
39,"synthetic_ar","LSVCMM",30,21,1,0.2,1,0.95,1,10,"aic",FALSE,1,FALSE,"rbf",FALSE,1e-05,-1,"Cross-sectional"
40,"synthetic_ar","LSVCMM",30,21,1,0.2,1,0.95,1,10,"aic",FALSE,1,FALSE,"epa",TRUE,0.05,-1,"TV-Longitudinal (proxy, epa)"
41,"synthetic_ar","LSVCMM",30,21,1,0.2,1,0.95,1,11,"aic",FALSE,1,FALSE,"rbf",FALSE,0.1,-1,"TV-Independent (rbf)"
42,"synthetic_ar","LSVCMM",30,21,1,0.2,1,0.95,1,11,"aic",FALSE,1,FALSE,"rbf",TRUE,0.1,-1,"TV-Longitudinal (proxy, rbf)"
43,"synthetic_ar","LSVCMM",30,21,1,0.2,1,0.95,1,11,"aic",FALSE,1,FALSE,"rbf",FALSE,1e-05,-1,"Cross-sectional"
44,"synthetic_ar","LSVCMM",30,21,1,0.2,1,0.95,1,11,"aic",FALSE,1,FALSE,"epa",TRUE,0.05,-1,"TV-Longitudinal (proxy, epa)"
45,"synthetic_ar","LSVCMM",30,21,1,0.2,1,0.95,1,12,"aic",FALSE,1,FALSE,"rbf",FALSE,0.1,-1,"TV-Independent (rbf)"
46,"synthetic_ar","LSVCMM",30,21,1,0.2,1,0.95,1,12,"aic",FALSE,1,FALSE,"rbf",TRUE,0.1,-1,"TV-Longitudinal (proxy, rbf)"
47,"synthetic_ar","LSVCMM",30,21,1,0.2,1,0.95,1,12,"aic",FALSE,1,FALSE,"rbf",FALSE,1e-05,-1,"Cross-sectional"
48,"synthetic_ar","LSVCMM",30,21,1,0.2,1,0.95,1,12,"aic",FALSE,1,FALSE,"epa",TRUE,0.05,-1,"TV-Longitudinal (proxy, epa)"
49,"synthetic_ar","LSVCMM",30,21,1,0.2,1,0.95,1,13,"aic",FALSE,1,FALSE,"rbf",FALSE,0.1,-1,"TV-Independent (rbf)"
50,"synthetic_ar","LSVCMM",30,21,1,0.2,1,0.95,1,13,"aic",FALSE,1,FALSE,"rbf",TRUE,0.1,-1,"TV-Longitudinal (proxy, rbf)"
51,"synthetic_ar","LSVCMM",30,21,1,0.2,1,0.95,1,13,"aic",FALSE,1,FALSE,"rbf",FALSE,1e-05,-1,"Cross-sectional"
52,"synthetic_ar","LSVCMM",30,21,1,0.2,1,0.95,1,13,"aic",FALSE,1,FALSE,"epa",TRUE,0.05,-1,"TV-Longitudinal (proxy, epa)"
53,"synthetic_ar","LSVCMM",30,21,1,0.2,1,0.95,1,14,"aic",FALSE,1,FALSE,"rbf",FALSE,0.1,-1,"TV-Independent (rbf)"
54,"synthetic_ar","LSVCMM",30,21,1,0.2,1,0.95,1,14,"aic",FALSE,1,FALSE,"rbf",TRUE,0.1,-1,"TV-Longitudinal (proxy, rbf)"
55,"synthetic_ar","LSVCMM",30,21,1,0.2,1,0.95,1,14,"aic",FALSE,1,FALSE,"rbf",FALSE,1e-05,-1,"Cross-sectional"
56,"synthetic_ar","LSVCMM",30,21,1,0.2,1,0.95,1,14,"aic",FALSE,1,FALSE,"epa",TRUE,0.05,-1,"TV-Longitudinal (proxy, epa)"
57,"synthetic_ar","LSVCMM",30,21,1,0.2,1,0.95,1,15,"aic",FALSE,1,FALSE,"rbf",FALSE,0.1,-1,"TV-Independent (rbf)"
58,"synthetic_ar","LSVCMM",30,21,1,0.2,1,0.95,1,15,"aic",FALSE,1,FALSE,"rbf",TRUE,0.1,-1,"TV-Longitudinal (proxy, rbf)"
59,"synthetic_ar","LSVCMM",30,21,1,0.2,1,0.95,1,15,"aic",FALSE,1,FALSE,"rbf",FALSE,1e-05,-1,"Cross-sectional"
60,"synthetic_ar","LSVCMM",30,21,1,0.2,1,0.95,1,15,"aic",FALSE,1,FALSE,"epa",TRUE,0.05,-1,"TV-Longitudinal (proxy, epa)"
61,"synthetic_ar","LSVCMM",30,21,1,0.2,1,0.95,1,16,"aic",FALSE,1,FALSE,"rbf",FALSE,0.1,-1,"TV-Independent (rbf)"
62,"synthetic_ar","LSVCMM",30,21,1,0.2,1,0.95,1,16,"aic",FALSE,1,FALSE,"rbf",TRUE,0.1,-1,"TV-Longitudinal (proxy, rbf)"
63,"synthetic_ar","LSVCMM",30,21,1,0.2,1,0.95,1,16,"aic",FALSE,1,FALSE,"rbf",FALSE,1e-05,-1,"Cross-sectional"
64,"synthetic_ar","LSVCMM",30,21,1,0.2,1,0.95,1,16,"aic",FALSE,1,FALSE,"epa",TRUE,0.05,-1,"TV-Longitudinal (proxy, epa)"
65,"synthetic_ar","LSVCMM",30,21,1,0.2,1,0.95,1,17,"aic",FALSE,1,FALSE,"rbf",FALSE,0.1,-1,"TV-Independent (rbf)"
66,"synthetic_ar","LSVCMM",30,21,1,0.2,1,0.95,1,17,"aic",FALSE,1,FALSE,"rbf",TRUE,0.1,-1,"TV-Longitudinal (proxy, rbf)"
67,"synthetic_ar","LSVCMM",30,21,1,0.2,1,0.95,1,17,"aic",FALSE,1,FALSE,"rbf",FALSE,1e-05,-1,"Cross-sectional"
68,"synthetic_ar","LSVCMM",30,21,1,0.2,1,0.95,1,17,"aic",FALSE,1,FALSE,"epa",TRUE,0.05,-1,"TV-Longitudinal (proxy, epa)"
69,"synthetic_ar","LSVCMM",30,21,1,0.2,1,0.95,1,18,"aic",FALSE,1,FALSE,"rbf",FALSE,0.1,-1,"TV-Independent (rbf)"
70,"synthetic_ar","LSVCMM",30,21,1,0.2,1,0.95,1,18,"aic",FALSE,1,FALSE,"rbf",TRUE,0.1,-1,"TV-Longitudinal (proxy, rbf)"
71,"synthetic_ar","LSVCMM",30,21,1,0.2,1,0.95,1,18,"aic",FALSE,1,FALSE,"rbf",FALSE,1e-05,-1,"Cross-sectional"
72,"synthetic_ar","LSVCMM",30,21,1,0.2,1,0.95,1,18,"aic",FALSE,1,FALSE,"epa",TRUE,0.05,-1,"TV-Longitudinal (proxy, epa)"
73,"synthetic_ar","LSVCMM",30,21,1,0.2,1,0.95,1,19,"aic",FALSE,1,FALSE,"rbf",FALSE,0.1,-1,"TV-Independent (rbf)"
74,"synthetic_ar","LSVCMM",30,21,1,0.2,1,0.95,1,19,"aic",FALSE,1,FALSE,"rbf",TRUE,0.1,-1,"TV-Longitudinal (proxy, rbf)"
75,"synthetic_ar","LSVCMM",30,21,1,0.2,1,0.95,1,19,"aic",FALSE,1,FALSE,"rbf",FALSE,1e-05,-1,"Cross-sectional"
76,"synthetic_ar","LSVCMM",30,21,1,0.2,1,0.95,1,19,"aic",FALSE,1,FALSE,"epa",TRUE,0.05,-1,"TV-Longitudinal (proxy, epa)"
77,"synthetic_ar","LSVCMM",30,21,1,0.2,1,0.95,1,20,"aic",FALSE,1,FALSE,"rbf",FALSE,0.1,-1,"TV-Independent (rbf)"
78,"synthetic_ar","LSVCMM",30,21,1,0.2,1,0.95,1,20,"aic",FALSE,1,FALSE,"rbf",TRUE,0.1,-1,"TV-Longitudinal (proxy, rbf)"
79,"synthetic_ar","LSVCMM",30,21,1,0.2,1,0.95,1,20,"aic",FALSE,1,FALSE,"rbf",FALSE,1e-05,-1,"Cross-sectional"
80,"synthetic_ar","LSVCMM",30,21,1,0.2,1,0.95,1,20,"aic",FALSE,1,FALSE,"epa",TRUE,0.05,-1,"TV-Longitudinal (proxy, epa)"
81,"synthetic_ar","LSVCMM",30,21,1,0.2,1,0.95,1,21,"aic",FALSE,1,FALSE,"rbf",FALSE,0.1,-1,"TV-Independent (rbf)"
82,"synthetic_ar","LSVCMM",30,21,1,0.2,1,0.95,1,21,"aic",FALSE,1,FALSE,"rbf",TRUE,0.1,-1,"TV-Longitudinal (proxy, rbf)"
83,"synthetic_ar","LSVCMM",30,21,1,0.2,1,0.95,1,21,"aic",FALSE,1,FALSE,"rbf",FALSE,1e-05,-1,"Cross-sectional"
84,"synthetic_ar","LSVCMM",30,21,1,0.2,1,0.95,1,21,"aic",FALSE,1,FALSE,"epa",TRUE,0.05,-1,"TV-Longitudinal (proxy, epa)"
85,"synthetic_ar","LSVCMM",30,21,1,0.2,1,0.95,1,22,"aic",FALSE,1,FALSE,"rbf",FALSE,0.1,-1,"TV-Independent (rbf)"
86,"synthetic_ar","LSVCMM",30,21,1,0.2,1,0.95,1,22,"aic",FALSE,1,FALSE,"rbf",TRUE,0.1,-1,"TV-Longitudinal (proxy, rbf)"
87,"synthetic_ar","LSVCMM",30,21,1,0.2,1,0.95,1,22,"aic",FALSE,1,FALSE,"rbf",FALSE,1e-05,-1,"Cross-sectional"
88,"synthetic_ar","LSVCMM",30,21,1,0.2,1,0.95,1,22,"aic",FALSE,1,FALSE,"epa",TRUE,0.05,-1,"TV-Longitudinal (proxy, epa)"
89,"synthetic_ar","LSVCMM",30,21,1,0.2,1,0.95,1,23,"aic",FALSE,1,FALSE,"rbf",FALSE,0.1,-1,"TV-Independent (rbf)"
90,"synthetic_ar","LSVCMM",30,21,1,0.2,1,0.95,1,23,"aic",FALSE,1,FALSE,"rbf",TRUE,0.1,-1,"TV-Longitudinal (proxy, rbf)"
91,"synthetic_ar","LSVCMM",30,21,1,0.2,1,0.95,1,23,"aic",FALSE,1,FALSE,"rbf",FALSE,1e-05,-1,"Cross-sectional"
92,"synthetic_ar","LSVCMM",30,21,1,0.2,1,0.95,1,23,"aic",FALSE,1,FALSE,"epa",TRUE,0.05,-1,"TV-Longitudinal (proxy, epa)"
93,"synthetic_ar","LSVCMM",30,21,1,0.2,1,0.95,1,24,"aic",FALSE,1,FALSE,"rbf",FALSE,0.1,-1,"TV-Independent (rbf)"
94,"synthetic_ar","LSVCMM",30,21,1,0.2,1,0.95,1,24,"aic",FALSE,1,FALSE,"rbf",TRUE,0.1,-1,"TV-Longitudinal (proxy, rbf)"
95,"synthetic_ar","LSVCMM",30,21,1,0.2,1,0.95,1,24,"aic",FALSE,1,FALSE,"rbf",FALSE,1e-05,-1,"Cross-sectional"
96,"synthetic_ar","LSVCMM",30,21,1,0.2,1,0.95,1,24,"aic",FALSE,1,FALSE,"epa",TRUE,0.05,-1,"TV-Longitudinal (proxy, epa)"
97,"synthetic_ar","LSVCMM",30,21,1,0.2,1,0.95,1,25,"aic",FALSE,1,FALSE,"rbf",FALSE,0.1,-1,"TV-Independent (rbf)"
98,"synthetic_ar","LSVCMM",30,21,1,0.2,1,0.95,1,25,"aic",FALSE,1,FALSE,"rbf",TRUE,0.1,-1,"TV-Longitudinal (proxy, rbf)"
99,"synthetic_ar","LSVCMM",30,21,1,0.2,1,0.95,1,25,"aic",FALSE,1,FALSE,"rbf",FALSE,1e-05,-1,"Cross-sectional"
100,"synthetic_ar","LSVCMM",30,21,1,0.2,1,0.95,1,25,"aic",FALSE,1,FALSE,"epa",TRUE,0.05,-1,"TV-Longitudinal (proxy, epa)"
101,"synthetic_ar","LSVCMM",30,21,1,0.2,1,0.95,1,26,"aic",FALSE,1,FALSE,"rbf",FALSE,0.1,-1,"TV-Independent (rbf)"
102,"synthetic_ar","LSVCMM",30,21,1,0.2,1,0.95,1,26,"aic",FALSE,1,FALSE,"rbf",TRUE,0.1,-1,"TV-Longitudinal (proxy, rbf)"
103,"synthetic_ar","LSVCMM",30,21,1,0.2,1,0.95,1,26,"aic",FALSE,1,FALSE,"rbf",FALSE,1e-05,-1,"Cross-sectional"
104,"synthetic_ar","LSVCMM",30,21,1,0.2,1,0.95,1,26,"aic",FALSE,1,FALSE,"epa",TRUE,0.05,-1,"TV-Longitudinal (proxy, epa)"
105,"synthetic_ar","LSVCMM",30,21,1,0.2,1,0.95,1,27,"aic",FALSE,1,FALSE,"rbf",FALSE,0.1,-1,"TV-Independent (rbf)"
106,"synthetic_ar","LSVCMM",30,21,1,0.2,1,0.95,1,27,"aic",FALSE,1,FALSE,"rbf",TRUE,0.1,-1,"TV-Longitudinal (proxy, rbf)"
107,"synthetic_ar","LSVCMM",30,21,1,0.2,1,0.95,1,27,"aic",FALSE,1,FALSE,"rbf",FALSE,1e-05,-1,"Cross-sectional"
108,"synthetic_ar","LSVCMM",30,21,1,0.2,1,0.95,1,27,"aic",FALSE,1,FALSE,"epa",TRUE,0.05,-1,"TV-Longitudinal (proxy, epa)"
109,"synthetic_ar","LSVCMM",30,21,1,0.2,1,0.95,1,28,"aic",FALSE,1,FALSE,"rbf",FALSE,0.1,-1,"TV-Independent (rbf)"
110,"synthetic_ar","LSVCMM",30,21,1,0.2,1,0.95,1,28,"aic",FALSE,1,FALSE,"rbf",TRUE,0.1,-1,"TV-Longitudinal (proxy, rbf)"
111,"synthetic_ar","LSVCMM",30,21,1,0.2,1,0.95,1,28,"aic",FALSE,1,FALSE,"rbf",FALSE,1e-05,-1,"Cross-sectional"
112,"synthetic_ar","LSVCMM",30,21,1,0.2,1,0.95,1,28,"aic",FALSE,1,FALSE,"epa",TRUE,0.05,-1,"TV-Longitudinal (proxy, epa)"
113,"synthetic_ar","LSVCMM",30,21,1,0.2,1,0.95,1,29,"aic",FALSE,1,FALSE,"rbf",FALSE,0.1,-1,"TV-Independent (rbf)"
114,"synthetic_ar","LSVCMM",30,21,1,0.2,1,0.95,1,29,"aic",FALSE,1,FALSE,"rbf",TRUE,0.1,-1,"TV-Longitudinal (proxy, rbf)"
115,"synthetic_ar","LSVCMM",30,21,1,0.2,1,0.95,1,29,"aic",FALSE,1,FALSE,"rbf",FALSE,1e-05,-1,"Cross-sectional"
116,"synthetic_ar","LSVCMM",30,21,1,0.2,1,0.95,1,29,"aic",FALSE,1,FALSE,"epa",TRUE,0.05,-1,"TV-Longitudinal (proxy, epa)"
117,"synthetic_ar","LSVCMM",30,21,1,0.2,1,0.95,1,30,"aic",FALSE,1,FALSE,"rbf",FALSE,0.1,-1,"TV-Independent (rbf)"
118,"synthetic_ar","LSVCMM",30,21,1,0.2,1,0.95,1,30,"aic",FALSE,1,FALSE,"rbf",TRUE,0.1,-1,"TV-Longitudinal (proxy, rbf)"
119,"synthetic_ar","LSVCMM",30,21,1,0.2,1,0.95,1,30,"aic",FALSE,1,FALSE,"rbf",FALSE,1e-05,-1,"Cross-sectional"
120,"synthetic_ar","LSVCMM",30,21,1,0.2,1,0.95,1,30,"aic",FALSE,1,FALSE,"epa",TRUE,0.05,-1,"TV-Longitudinal (proxy, epa)"
121,"synthetic_ar","LSVCMM",30,21,1,0.2,1,0.95,1,31,"aic",FALSE,1,FALSE,"rbf",FALSE,0.1,-1,"TV-Independent (rbf)"
122,"synthetic_ar","LSVCMM",30,21,1,0.2,1,0.95,1,31,"aic",FALSE,1,FALSE,"rbf",TRUE,0.1,-1,"TV-Longitudinal (proxy, rbf)"
123,"synthetic_ar","LSVCMM",30,21,1,0.2,1,0.95,1,31,"aic",FALSE,1,FALSE,"rbf",FALSE,1e-05,-1,"Cross-sectional"
124,"synthetic_ar","LSVCMM",30,21,1,0.2,1,0.95,1,31,"aic",FALSE,1,FALSE,"epa",TRUE,0.05,-1,"TV-Longitudinal (proxy, epa)"
125,"synthetic_ar","LSVCMM",30,21,1,0.2,1,0.95,1,32,"aic",FALSE,1,FALSE,"rbf",FALSE,0.1,-1,"TV-Independent (rbf)"
126,"synthetic_ar","LSVCMM",30,21,1,0.2,1,0.95,1,32,"aic",FALSE,1,FALSE,"rbf",TRUE,0.1,-1,"TV-Longitudinal (proxy, rbf)"
127,"synthetic_ar","LSVCMM",30,21,1,0.2,1,0.95,1,32,"aic",FALSE,1,FALSE,"rbf",FALSE,1e-05,-1,"Cross-sectional"
128,"synthetic_ar","LSVCMM",30,21,1,0.2,1,0.95,1,32,"aic",FALSE,1,FALSE,"epa",TRUE,0.05,-1,"TV-Longitudinal (proxy, epa)"
129,"synthetic_ar","LSVCMM",30,21,1,0.2,1,0.95,1,33,"aic",FALSE,1,FALSE,"rbf",FALSE,0.1,-1,"TV-Independent (rbf)"
130,"synthetic_ar","LSVCMM",30,21,1,0.2,1,0.95,1,33,"aic",FALSE,1,FALSE,"rbf",TRUE,0.1,-1,"TV-Longitudinal (proxy, rbf)"
131,"synthetic_ar","LSVCMM",30,21,1,0.2,1,0.95,1,33,"aic",FALSE,1,FALSE,"rbf",FALSE,1e-05,-1,"Cross-sectional"
132,"synthetic_ar","LSVCMM",30,21,1,0.2,1,0.95,1,33,"aic",FALSE,1,FALSE,"epa",TRUE,0.05,-1,"TV-Longitudinal (proxy, epa)"
133,"synthetic_ar","LSVCMM",30,21,1,0.2,1,0.95,1,34,"aic",FALSE,1,FALSE,"rbf",FALSE,0.1,-1,"TV-Independent (rbf)"
134,"synthetic_ar","LSVCMM",30,21,1,0.2,1,0.95,1,34,"aic",FALSE,1,FALSE,"rbf",TRUE,0.1,-1,"TV-Longitudinal (proxy, rbf)"
135,"synthetic_ar","LSVCMM",30,21,1,0.2,1,0.95,1,34,"aic",FALSE,1,FALSE,"rbf",FALSE,1e-05,-1,"Cross-sectional"
136,"synthetic_ar","LSVCMM",30,21,1,0.2,1,0.95,1,34,"aic",FALSE,1,FALSE,"epa",TRUE,0.05,-1,"TV-Longitudinal (proxy, epa)"
137,"synthetic_ar","LSVCMM",30,21,1,0.2,1,0.95,1,35,"aic",FALSE,1,FALSE,"rbf",FALSE,0.1,-1,"TV-Independent (rbf)"
138,"synthetic_ar","LSVCMM",30,21,1,0.2,1,0.95,1,35,"aic",FALSE,1,FALSE,"rbf",TRUE,0.1,-1,"TV-Longitudinal (proxy, rbf)"
139,"synthetic_ar","LSVCMM",30,21,1,0.2,1,0.95,1,35,"aic",FALSE,1,FALSE,"rbf",FALSE,1e-05,-1,"Cross-sectional"
140,"synthetic_ar","LSVCMM",30,21,1,0.2,1,0.95,1,35,"aic",FALSE,1,FALSE,"epa",TRUE,0.05,-1,"TV-Longitudinal (proxy, epa)"
141,"synthetic_ar","LSVCMM",30,21,1,0.2,1,0.95,1,36,"aic",FALSE,1,FALSE,"rbf",FALSE,0.1,-1,"TV-Independent (rbf)"
142,"synthetic_ar","LSVCMM",30,21,1,0.2,1,0.95,1,36,"aic",FALSE,1,FALSE,"rbf",TRUE,0.1,-1,"TV-Longitudinal (proxy, rbf)"
143,"synthetic_ar","LSVCMM",30,21,1,0.2,1,0.95,1,36,"aic",FALSE,1,FALSE,"rbf",FALSE,1e-05,-1,"Cross-sectional"
144,"synthetic_ar","LSVCMM",30,21,1,0.2,1,0.95,1,36,"aic",FALSE,1,FALSE,"epa",TRUE,0.05,-1,"TV-Longitudinal (proxy, epa)"
145,"synthetic_ar","LSVCMM",30,21,1,0.2,1,0.95,1,37,"aic",FALSE,1,FALSE,"rbf",FALSE,0.1,-1,"TV-Independent (rbf)"
146,"synthetic_ar","LSVCMM",30,21,1,0.2,1,0.95,1,37,"aic",FALSE,1,FALSE,"rbf",TRUE,0.1,-1,"TV-Longitudinal (proxy, rbf)"
147,"synthetic_ar","LSVCMM",30,21,1,0.2,1,0.95,1,37,"aic",FALSE,1,FALSE,"rbf",FALSE,1e-05,-1,"Cross-sectional"
148,"synthetic_ar","LSVCMM",30,21,1,0.2,1,0.95,1,37,"aic",FALSE,1,FALSE,"epa",TRUE,0.05,-1,"TV-Longitudinal (proxy, epa)"
149,"synthetic_ar","LSVCMM",30,21,1,0.2,1,0.95,1,38,"aic",FALSE,1,FALSE,"rbf",FALSE,0.1,-1,"TV-Independent (rbf)"
150,"synthetic_ar","LSVCMM",30,21,1,0.2,1,0.95,1,38,"aic",FALSE,1,FALSE,"rbf",TRUE,0.1,-1,"TV-Longitudinal (proxy, rbf)"
151,"synthetic_ar","LSVCMM",30,21,1,0.2,1,0.95,1,38,"aic",FALSE,1,FALSE,"rbf",FALSE,1e-05,-1,"Cross-sectional"
152,"synthetic_ar","LSVCMM",30,21,1,0.2,1,0.95,1,38,"aic",FALSE,1,FALSE,"epa",TRUE,0.05,-1,"TV-Longitudinal (proxy, epa)"
153,"synthetic_ar","LSVCMM",30,21,1,0.2,1,0.95,1,39,"aic",FALSE,1,FALSE,"rbf",FALSE,0.1,-1,"TV-Independent (rbf)"
154,"synthetic_ar","LSVCMM",30,21,1,0.2,1,0.95,1,39,"aic",FALSE,1,FALSE,"rbf",TRUE,0.1,-1,"TV-Longitudinal (proxy, rbf)"
155,"synthetic_ar","LSVCMM",30,21,1,0.2,1,0.95,1,39,"aic",FALSE,1,FALSE,"rbf",FALSE,1e-05,-1,"Cross-sectional"
156,"synthetic_ar","LSVCMM",30,21,1,0.2,1,0.95,1,39,"aic",FALSE,1,FALSE,"epa",TRUE,0.05,-1,"TV-Longitudinal (proxy, epa)"
157,"synthetic_ar","LSVCMM",30,21,1,0.2,1,0.95,1,40,"aic",FALSE,1,FALSE,"rbf",FALSE,0.1,-1,"TV-Independent (rbf)"
158,"synthetic_ar","LSVCMM",30,21,1,0.2,1,0.95,1,40,"aic",FALSE,1,FALSE,"rbf",TRUE,0.1,-1,"TV-Longitudinal (proxy, rbf)"
159,"synthetic_ar","LSVCMM",30,21,1,0.2,1,0.95,1,40,"aic",FALSE,1,FALSE,"rbf",FALSE,1e-05,-1,"Cross-sectional"
160,"synthetic_ar","LSVCMM",30,21,1,0.2,1,0.95,1,40,"aic",FALSE,1,FALSE,"epa",TRUE,0.05,-1,"TV-Longitudinal (proxy, epa)"
161,"synthetic_ar","LSVCMM",30,21,1,0.2,1,0.95,1,41,"aic",FALSE,1,FALSE,"rbf",FALSE,0.1,-1,"TV-Independent (rbf)"
162,"synthetic_ar","LSVCMM",30,21,1,0.2,1,0.95,1,41,"aic",FALSE,1,FALSE,"rbf",TRUE,0.1,-1,"TV-Longitudinal (proxy, rbf)"
163,"synthetic_ar","LSVCMM",30,21,1,0.2,1,0.95,1,41,"aic",FALSE,1,FALSE,"rbf",FALSE,1e-05,-1,"Cross-sectional"
164,"synthetic_ar","LSVCMM",30,21,1,0.2,1,0.95,1,41,"aic",FALSE,1,FALSE,"epa",TRUE,0.05,-1,"TV-Longitudinal (proxy, epa)"
165,"synthetic_ar","LSVCMM",30,21,1,0.2,1,0.95,1,42,"aic",FALSE,1,FALSE,"rbf",FALSE,0.1,-1,"TV-Independent (rbf)"
166,"synthetic_ar","LSVCMM",30,21,1,0.2,1,0.95,1,42,"aic",FALSE,1,FALSE,"rbf",TRUE,0.1,-1,"TV-Longitudinal (proxy, rbf)"
167,"synthetic_ar","LSVCMM",30,21,1,0.2,1,0.95,1,42,"aic",FALSE,1,FALSE,"rbf",FALSE,1e-05,-1,"Cross-sectional"
168,"synthetic_ar","LSVCMM",30,21,1,0.2,1,0.95,1,42,"aic",FALSE,1,FALSE,"epa",TRUE,0.05,-1,"TV-Longitudinal (proxy, epa)"
169,"synthetic_ar","LSVCMM",30,21,1,0.2,1,0.95,1,43,"aic",FALSE,1,FALSE,"rbf",FALSE,0.1,-1,"TV-Independent (rbf)"
170,"synthetic_ar","LSVCMM",30,21,1,0.2,1,0.95,1,43,"aic",FALSE,1,FALSE,"rbf",TRUE,0.1,-1,"TV-Longitudinal (proxy, rbf)"
171,"synthetic_ar","LSVCMM",30,21,1,0.2,1,0.95,1,43,"aic",FALSE,1,FALSE,"rbf",FALSE,1e-05,-1,"Cross-sectional"
172,"synthetic_ar","LSVCMM",30,21,1,0.2,1,0.95,1,43,"aic",FALSE,1,FALSE,"epa",TRUE,0.05,-1,"TV-Longitudinal (proxy, epa)"
173,"synthetic_ar","LSVCMM",30,21,1,0.2,1,0.95,1,44,"aic",FALSE,1,FALSE,"rbf",FALSE,0.1,-1,"TV-Independent (rbf)"
174,"synthetic_ar","LSVCMM",30,21,1,0.2,1,0.95,1,44,"aic",FALSE,1,FALSE,"rbf",TRUE,0.1,-1,"TV-Longitudinal (proxy, rbf)"
175,"synthetic_ar","LSVCMM",30,21,1,0.2,1,0.95,1,44,"aic",FALSE,1,FALSE,"rbf",FALSE,1e-05,-1,"Cross-sectional"
176,"synthetic_ar","LSVCMM",30,21,1,0.2,1,0.95,1,44,"aic",FALSE,1,FALSE,"epa",TRUE,0.05,-1,"TV-Longitudinal (proxy, epa)"
177,"synthetic_ar","LSVCMM",30,21,1,0.2,1,0.95,1,45,"aic",FALSE,1,FALSE,"rbf",FALSE,0.1,-1,"TV-Independent (rbf)"
178,"synthetic_ar","LSVCMM",30,21,1,0.2,1,0.95,1,45,"aic",FALSE,1,FALSE,"rbf",TRUE,0.1,-1,"TV-Longitudinal (proxy, rbf)"
179,"synthetic_ar","LSVCMM",30,21,1,0.2,1,0.95,1,45,"aic",FALSE,1,FALSE,"rbf",FALSE,1e-05,-1,"Cross-sectional"
180,"synthetic_ar","LSVCMM",30,21,1,0.2,1,0.95,1,45,"aic",FALSE,1,FALSE,"epa",TRUE,0.05,-1,"TV-Longitudinal (proxy, epa)"
181,"synthetic_ar","LSVCMM",30,21,1,0.2,1,0.95,1,46,"aic",FALSE,1,FALSE,"rbf",FALSE,0.1,-1,"TV-Independent (rbf)"
182,"synthetic_ar","LSVCMM",30,21,1,0.2,1,0.95,1,46,"aic",FALSE,1,FALSE,"rbf",TRUE,0.1,-1,"TV-Longitudinal (proxy, rbf)"
183,"synthetic_ar","LSVCMM",30,21,1,0.2,1,0.95,1,46,"aic",FALSE,1,FALSE,"rbf",FALSE,1e-05,-1,"Cross-sectional"
184,"synthetic_ar","LSVCMM",30,21,1,0.2,1,0.95,1,46,"aic",FALSE,1,FALSE,"epa",TRUE,0.05,-1,"TV-Longitudinal (proxy, epa)"
185,"synthetic_ar","LSVCMM",30,21,1,0.2,1,0.95,1,47,"aic",FALSE,1,FALSE,"rbf",FALSE,0.1,-1,"TV-Independent (rbf)"
186,"synthetic_ar","LSVCMM",30,21,1,0.2,1,0.95,1,47,"aic",FALSE,1,FALSE,"rbf",TRUE,0.1,-1,"TV-Longitudinal (proxy, rbf)"
187,"synthetic_ar","LSVCMM",30,21,1,0.2,1,0.95,1,47,"aic",FALSE,1,FALSE,"rbf",FALSE,1e-05,-1,"Cross-sectional"
188,"synthetic_ar","LSVCMM",30,21,1,0.2,1,0.95,1,47,"aic",FALSE,1,FALSE,"epa",TRUE,0.05,-1,"TV-Longitudinal (proxy, epa)"
189,"synthetic_ar","LSVCMM",30,21,1,0.2,1,0.95,1,48,"aic",FALSE,1,FALSE,"rbf",FALSE,0.1,-1,"TV-Independent (rbf)"
190,"synthetic_ar","LSVCMM",30,21,1,0.2,1,0.95,1,48,"aic",FALSE,1,FALSE,"rbf",TRUE,0.1,-1,"TV-Longitudinal (proxy, rbf)"
191,"synthetic_ar","LSVCMM",30,21,1,0.2,1,0.95,1,48,"aic",FALSE,1,FALSE,"rbf",FALSE,1e-05,-1,"Cross-sectional"
192,"synthetic_ar","LSVCMM",30,21,1,0.2,1,0.95,1,48,"aic",FALSE,1,FALSE,"epa",TRUE,0.05,-1,"TV-Longitudinal (proxy, epa)"
193,"synthetic_ar","LSVCMM",30,21,1,0.2,1,0.95,1,49,"aic",FALSE,1,FALSE,"rbf",FALSE,0.1,-1,"TV-Independent (rbf)"
194,"synthetic_ar","LSVCMM",30,21,1,0.2,1,0.95,1,49,"aic",FALSE,1,FALSE,"rbf",TRUE,0.1,-1,"TV-Longitudinal (proxy, rbf)"
195,"synthetic_ar","LSVCMM",30,21,1,0.2,1,0.95,1,49,"aic",FALSE,1,FALSE,"rbf",FALSE,1e-05,-1,"Cross-sectional"
196,"synthetic_ar","LSVCMM",30,21,1,0.2,1,0.95,1,49,"aic",FALSE,1,FALSE,"epa",TRUE,0.05,-1,"TV-Longitudinal (proxy, epa)"
197,"synthetic_ar","LSVCMM",30,21,1,0.2,1,0.95,1,50,"aic",FALSE,1,FALSE,"rbf",FALSE,0.1,-1,"TV-Independent (rbf)"
198,"synthetic_ar","LSVCMM",30,21,1,0.2,1,0.95,1,50,"aic",FALSE,1,FALSE,"rbf",TRUE,0.1,-1,"TV-Longitudinal (proxy, rbf)"
199,"synthetic_ar","LSVCMM",30,21,1,0.2,1,0.95,1,50,"aic",FALSE,1,FALSE,"rbf",FALSE,1e-05,-1,"Cross-sectional"
200,"synthetic_ar","LSVCMM",30,21,1,0.2,1,0.95,1,50,"aic",FALSE,1,FALSE,"epa",TRUE,0.05,-1,"TV-Longitudinal (proxy, epa)"
201,"synthetic_ar","LSVCMM",30,21,1,0.2,1,0.95,1,51,"aic",FALSE,1,FALSE,"rbf",FALSE,0.1,-1,"TV-Independent (rbf)"
202,"synthetic_ar","LSVCMM",30,21,1,0.2,1,0.95,1,51,"aic",FALSE,1,FALSE,"rbf",TRUE,0.1,-1,"TV-Longitudinal (proxy, rbf)"
203,"synthetic_ar","LSVCMM",30,21,1,0.2,1,0.95,1,51,"aic",FALSE,1,FALSE,"rbf",FALSE,1e-05,-1,"Cross-sectional"
204,"synthetic_ar","LSVCMM",30,21,1,0.2,1,0.95,1,51,"aic",FALSE,1,FALSE,"epa",TRUE,0.05,-1,"TV-Longitudinal (proxy, epa)"
205,"synthetic_ar","LSVCMM",30,21,1,0.2,1,0.95,1,52,"aic",FALSE,1,FALSE,"rbf",FALSE,0.1,-1,"TV-Independent (rbf)"
206,"synthetic_ar","LSVCMM",30,21,1,0.2,1,0.95,1,52,"aic",FALSE,1,FALSE,"rbf",TRUE,0.1,-1,"TV-Longitudinal (proxy, rbf)"
207,"synthetic_ar","LSVCMM",30,21,1,0.2,1,0.95,1,52,"aic",FALSE,1,FALSE,"rbf",FALSE,1e-05,-1,"Cross-sectional"
208,"synthetic_ar","LSVCMM",30,21,1,0.2,1,0.95,1,52,"aic",FALSE,1,FALSE,"epa",TRUE,0.05,-1,"TV-Longitudinal (proxy, epa)"
209,"synthetic_ar","LSVCMM",30,21,1,0.2,1,0.95,1,53,"aic",FALSE,1,FALSE,"rbf",FALSE,0.1,-1,"TV-Independent (rbf)"
210,"synthetic_ar","LSVCMM",30,21,1,0.2,1,0.95,1,53,"aic",FALSE,1,FALSE,"rbf",TRUE,0.1,-1,"TV-Longitudinal (proxy, rbf)"
211,"synthetic_ar","LSVCMM",30,21,1,0.2,1,0.95,1,53,"aic",FALSE,1,FALSE,"rbf",FALSE,1e-05,-1,"Cross-sectional"
212,"synthetic_ar","LSVCMM",30,21,1,0.2,1,0.95,1,53,"aic",FALSE,1,FALSE,"epa",TRUE,0.05,-1,"TV-Longitudinal (proxy, epa)"
213,"synthetic_ar","LSVCMM",30,21,1,0.2,1,0.95,1,54,"aic",FALSE,1,FALSE,"rbf",FALSE,0.1,-1,"TV-Independent (rbf)"
214,"synthetic_ar","LSVCMM",30,21,1,0.2,1,0.95,1,54,"aic",FALSE,1,FALSE,"rbf",TRUE,0.1,-1,"TV-Longitudinal (proxy, rbf)"
215,"synthetic_ar","LSVCMM",30,21,1,0.2,1,0.95,1,54,"aic",FALSE,1,FALSE,"rbf",FALSE,1e-05,-1,"Cross-sectional"
216,"synthetic_ar","LSVCMM",30,21,1,0.2,1,0.95,1,54,"aic",FALSE,1,FALSE,"epa",TRUE,0.05,-1,"TV-Longitudinal (proxy, epa)"
217,"synthetic_ar","LSVCMM",30,21,1,0.2,1,0.95,1,55,"aic",FALSE,1,FALSE,"rbf",FALSE,0.1,-1,"TV-Independent (rbf)"
218,"synthetic_ar","LSVCMM",30,21,1,0.2,1,0.95,1,55,"aic",FALSE,1,FALSE,"rbf",TRUE,0.1,-1,"TV-Longitudinal (proxy, rbf)"
219,"synthetic_ar","LSVCMM",30,21,1,0.2,1,0.95,1,55,"aic",FALSE,1,FALSE,"rbf",FALSE,1e-05,-1,"Cross-sectional"
220,"synthetic_ar","LSVCMM",30,21,1,0.2,1,0.95,1,55,"aic",FALSE,1,FALSE,"epa",TRUE,0.05,-1,"TV-Longitudinal (proxy, epa)"
221,"synthetic_ar","LSVCMM",30,21,1,0.2,1,0.95,1,56,"aic",FALSE,1,FALSE,"rbf",FALSE,0.1,-1,"TV-Independent (rbf)"
222,"synthetic_ar","LSVCMM",30,21,1,0.2,1,0.95,1,56,"aic",FALSE,1,FALSE,"rbf",TRUE,0.1,-1,"TV-Longitudinal (proxy, rbf)"
223,"synthetic_ar","LSVCMM",30,21,1,0.2,1,0.95,1,56,"aic",FALSE,1,FALSE,"rbf",FALSE,1e-05,-1,"Cross-sectional"
224,"synthetic_ar","LSVCMM",30,21,1,0.2,1,0.95,1,56,"aic",FALSE,1,FALSE,"epa",TRUE,0.05,-1,"TV-Longitudinal (proxy, epa)"
225,"synthetic_ar","LSVCMM",30,21,1,0.2,1,0.95,1,57,"aic",FALSE,1,FALSE,"rbf",FALSE,0.1,-1,"TV-Independent (rbf)"
226,"synthetic_ar","LSVCMM",30,21,1,0.2,1,0.95,1,57,"aic",FALSE,1,FALSE,"rbf",TRUE,0.1,-1,"TV-Longitudinal (proxy, rbf)"
227,"synthetic_ar","LSVCMM",30,21,1,0.2,1,0.95,1,57,"aic",FALSE,1,FALSE,"rbf",FALSE,1e-05,-1,"Cross-sectional"
228,"synthetic_ar","LSVCMM",30,21,1,0.2,1,0.95,1,57,"aic",FALSE,1,FALSE,"epa",TRUE,0.05,-1,"TV-Longitudinal (proxy, epa)"
229,"synthetic_ar","LSVCMM",30,21,1,0.2,1,0.95,1,58,"aic",FALSE,1,FALSE,"rbf",FALSE,0.1,-1,"TV-Independent (rbf)"
230,"synthetic_ar","LSVCMM",30,21,1,0.2,1,0.95,1,58,"aic",FALSE,1,FALSE,"rbf",TRUE,0.1,-1,"TV-Longitudinal (proxy, rbf)"
231,"synthetic_ar","LSVCMM",30,21,1,0.2,1,0.95,1,58,"aic",FALSE,1,FALSE,"rbf",FALSE,1e-05,-1,"Cross-sectional"
232,"synthetic_ar","LSVCMM",30,21,1,0.2,1,0.95,1,58,"aic",FALSE,1,FALSE,"epa",TRUE,0.05,-1,"TV-Longitudinal (proxy, epa)"
233,"synthetic_ar","LSVCMM",30,21,1,0.2,1,0.95,1,59,"aic",FALSE,1,FALSE,"rbf",FALSE,0.1,-1,"TV-Independent (rbf)"
234,"synthetic_ar","LSVCMM",30,21,1,0.2,1,0.95,1,59,"aic",FALSE,1,FALSE,"rbf",TRUE,0.1,-1,"TV-Longitudinal (proxy, rbf)"
235,"synthetic_ar","LSVCMM",30,21,1,0.2,1,0.95,1,59,"aic",FALSE,1,FALSE,"rbf",FALSE,1e-05,-1,"Cross-sectional"
236,"synthetic_ar","LSVCMM",30,21,1,0.2,1,0.95,1,59,"aic",FALSE,1,FALSE,"epa",TRUE,0.05,-1,"TV-Longitudinal (proxy, epa)"
237,"synthetic_ar","LSVCMM",30,21,1,0.2,1,0.95,1,60,"aic",FALSE,1,FALSE,"rbf",FALSE,0.1,-1,"TV-Independent (rbf)"
238,"synthetic_ar","LSVCMM",30,21,1,0.2,1,0.95,1,60,"aic",FALSE,1,FALSE,"rbf",TRUE,0.1,-1,"TV-Longitudinal (proxy, rbf)"
239,"synthetic_ar","LSVCMM",30,21,1,0.2,1,0.95,1,60,"aic",FALSE,1,FALSE,"rbf",FALSE,1e-05,-1,"Cross-sectional"
240,"synthetic_ar","LSVCMM",30,21,1,0.2,1,0.95,1,60,"aic",FALSE,1,FALSE,"epa",TRUE,0.05,-1,"TV-Longitudinal (proxy, epa)"
241,"synthetic_ar","LSVCMM",30,21,1,0.2,1,0.95,1,61,"aic",FALSE,1,FALSE,"rbf",FALSE,0.1,-1,"TV-Independent (rbf)"
242,"synthetic_ar","LSVCMM",30,21,1,0.2,1,0.95,1,61,"aic",FALSE,1,FALSE,"rbf",TRUE,0.1,-1,"TV-Longitudinal (proxy, rbf)"
243,"synthetic_ar","LSVCMM",30,21,1,0.2,1,0.95,1,61,"aic",FALSE,1,FALSE,"rbf",FALSE,1e-05,-1,"Cross-sectional"
244,"synthetic_ar","LSVCMM",30,21,1,0.2,1,0.95,1,61,"aic",FALSE,1,FALSE,"epa",TRUE,0.05,-1,"TV-Longitudinal (proxy, epa)"
245,"synthetic_ar","LSVCMM",30,21,1,0.2,1,0.95,1,62,"aic",FALSE,1,FALSE,"rbf",FALSE,0.1,-1,"TV-Independent (rbf)"
246,"synthetic_ar","LSVCMM",30,21,1,0.2,1,0.95,1,62,"aic",FALSE,1,FALSE,"rbf",TRUE,0.1,-1,"TV-Longitudinal (proxy, rbf)"
247,"synthetic_ar","LSVCMM",30,21,1,0.2,1,0.95,1,62,"aic",FALSE,1,FALSE,"rbf",FALSE,1e-05,-1,"Cross-sectional"
248,"synthetic_ar","LSVCMM",30,21,1,0.2,1,0.95,1,62,"aic",FALSE,1,FALSE,"epa",TRUE,0.05,-1,"TV-Longitudinal (proxy, epa)"
249,"synthetic_ar","LSVCMM",30,21,1,0.2,1,0.95,1,63,"aic",FALSE,1,FALSE,"rbf",FALSE,0.1,-1,"TV-Independent (rbf)"
250,"synthetic_ar","LSVCMM",30,21,1,0.2,1,0.95,1,63,"aic",FALSE,1,FALSE,"rbf",TRUE,0.1,-1,"TV-Longitudinal (proxy, rbf)"
251,"synthetic_ar","LSVCMM",30,21,1,0.2,1,0.95,1,63,"aic",FALSE,1,FALSE,"rbf",FALSE,1e-05,-1,"Cross-sectional"
252,"synthetic_ar","LSVCMM",30,21,1,0.2,1,0.95,1,63,"aic",FALSE,1,FALSE,"epa",TRUE,0.05,-1,"TV-Longitudinal (proxy, epa)"
253,"synthetic_ar","LSVCMM",30,21,1,0.2,1,0.95,1,64,"aic",FALSE,1,FALSE,"rbf",FALSE,0.1,-1,"TV-Independent (rbf)"
254,"synthetic_ar","LSVCMM",30,21,1,0.2,1,0.95,1,64,"aic",FALSE,1,FALSE,"rbf",TRUE,0.1,-1,"TV-Longitudinal (proxy, rbf)"
255,"synthetic_ar","LSVCMM",30,21,1,0.2,1,0.95,1,64,"aic",FALSE,1,FALSE,"rbf",FALSE,1e-05,-1,"Cross-sectional"
256,"synthetic_ar","LSVCMM",30,21,1,0.2,1,0.95,1,64,"aic",FALSE,1,FALSE,"epa",TRUE,0.05,-1,"TV-Longitudinal (proxy, epa)"
257,"synthetic_ar","LSVCMM",30,21,1,0.2,1,0.95,1,65,"aic",FALSE,1,FALSE,"rbf",FALSE,0.1,-1,"TV-Independent (rbf)"
258,"synthetic_ar","LSVCMM",30,21,1,0.2,1,0.95,1,65,"aic",FALSE,1,FALSE,"rbf",TRUE,0.1,-1,"TV-Longitudinal (proxy, rbf)"
259,"synthetic_ar","LSVCMM",30,21,1,0.2,1,0.95,1,65,"aic",FALSE,1,FALSE,"rbf",FALSE,1e-05,-1,"Cross-sectional"
260,"synthetic_ar","LSVCMM",30,21,1,0.2,1,0.95,1,65,"aic",FALSE,1,FALSE,"epa",TRUE,0.05,-1,"TV-Longitudinal (proxy, epa)"
261,"synthetic_ar","LSVCMM",30,21,1,0.2,1,0.95,1,66,"aic",FALSE,1,FALSE,"rbf",FALSE,0.1,-1,"TV-Independent (rbf)"
262,"synthetic_ar","LSVCMM",30,21,1,0.2,1,0.95,1,66,"aic",FALSE,1,FALSE,"rbf",TRUE,0.1,-1,"TV-Longitudinal (proxy, rbf)"
263,"synthetic_ar","LSVCMM",30,21,1,0.2,1,0.95,1,66,"aic",FALSE,1,FALSE,"rbf",FALSE,1e-05,-1,"Cross-sectional"
264,"synthetic_ar","LSVCMM",30,21,1,0.2,1,0.95,1,66,"aic",FALSE,1,FALSE,"epa",TRUE,0.05,-1,"TV-Longitudinal (proxy, epa)"
265,"synthetic_ar","LSVCMM",30,21,1,0.2,1,0.95,1,67,"aic",FALSE,1,FALSE,"rbf",FALSE,0.1,-1,"TV-Independent (rbf)"
266,"synthetic_ar","LSVCMM",30,21,1,0.2,1,0.95,1,67,"aic",FALSE,1,FALSE,"rbf",TRUE,0.1,-1,"TV-Longitudinal (proxy, rbf)"
267,"synthetic_ar","LSVCMM",30,21,1,0.2,1,0.95,1,67,"aic",FALSE,1,FALSE,"rbf",FALSE,1e-05,-1,"Cross-sectional"
268,"synthetic_ar","LSVCMM",30,21,1,0.2,1,0.95,1,67,"aic",FALSE,1,FALSE,"epa",TRUE,0.05,-1,"TV-Longitudinal (proxy, epa)"
269,"synthetic_ar","LSVCMM",30,21,1,0.2,1,0.95,1,68,"aic",FALSE,1,FALSE,"rbf",FALSE,0.1,-1,"TV-Independent (rbf)"
270,"synthetic_ar","LSVCMM",30,21,1,0.2,1,0.95,1,68,"aic",FALSE,1,FALSE,"rbf",TRUE,0.1,-1,"TV-Longitudinal (proxy, rbf)"
271,"synthetic_ar","LSVCMM",30,21,1,0.2,1,0.95,1,68,"aic",FALSE,1,FALSE,"rbf",FALSE,1e-05,-1,"Cross-sectional"
272,"synthetic_ar","LSVCMM",30,21,1,0.2,1,0.95,1,68,"aic",FALSE,1,FALSE,"epa",TRUE,0.05,-1,"TV-Longitudinal (proxy, epa)"
273,"synthetic_ar","LSVCMM",30,21,1,0.2,1,0.95,1,69,"aic",FALSE,1,FALSE,"rbf",FALSE,0.1,-1,"TV-Independent (rbf)"
274,"synthetic_ar","LSVCMM",30,21,1,0.2,1,0.95,1,69,"aic",FALSE,1,FALSE,"rbf",TRUE,0.1,-1,"TV-Longitudinal (proxy, rbf)"
275,"synthetic_ar","LSVCMM",30,21,1,0.2,1,0.95,1,69,"aic",FALSE,1,FALSE,"rbf",FALSE,1e-05,-1,"Cross-sectional"
276,"synthetic_ar","LSVCMM",30,21,1,0.2,1,0.95,1,69,"aic",FALSE,1,FALSE,"epa",TRUE,0.05,-1,"TV-Longitudinal (proxy, epa)"
277,"synthetic_ar","LSVCMM",30,21,1,0.2,1,0.95,1,70,"aic",FALSE,1,FALSE,"rbf",FALSE,0.1,-1,"TV-Independent (rbf)"
278,"synthetic_ar","LSVCMM",30,21,1,0.2,1,0.95,1,70,"aic",FALSE,1,FALSE,"rbf",TRUE,0.1,-1,"TV-Longitudinal (proxy, rbf)"
279,"synthetic_ar","LSVCMM",30,21,1,0.2,1,0.95,1,70,"aic",FALSE,1,FALSE,"rbf",FALSE,1e-05,-1,"Cross-sectional"
280,"synthetic_ar","LSVCMM",30,21,1,0.2,1,0.95,1,70,"aic",FALSE,1,FALSE,"epa",TRUE,0.05,-1,"TV-Longitudinal (proxy, epa)"
281,"synthetic_ar","LSVCMM",30,21,1,0.2,1,0.95,1,71,"aic",FALSE,1,FALSE,"rbf",FALSE,0.1,-1,"TV-Independent (rbf)"
282,"synthetic_ar","LSVCMM",30,21,1,0.2,1,0.95,1,71,"aic",FALSE,1,FALSE,"rbf",TRUE,0.1,-1,"TV-Longitudinal (proxy, rbf)"
283,"synthetic_ar","LSVCMM",30,21,1,0.2,1,0.95,1,71,"aic",FALSE,1,FALSE,"rbf",FALSE,1e-05,-1,"Cross-sectional"
284,"synthetic_ar","LSVCMM",30,21,1,0.2,1,0.95,1,71,"aic",FALSE,1,FALSE,"epa",TRUE,0.05,-1,"TV-Longitudinal (proxy, epa)"
285,"synthetic_ar","LSVCMM",30,21,1,0.2,1,0.95,1,72,"aic",FALSE,1,FALSE,"rbf",FALSE,0.1,-1,"TV-Independent (rbf)"
286,"synthetic_ar","LSVCMM",30,21,1,0.2,1,0.95,1,72,"aic",FALSE,1,FALSE,"rbf",TRUE,0.1,-1,"TV-Longitudinal (proxy, rbf)"
287,"synthetic_ar","LSVCMM",30,21,1,0.2,1,0.95,1,72,"aic",FALSE,1,FALSE,"rbf",FALSE,1e-05,-1,"Cross-sectional"
288,"synthetic_ar","LSVCMM",30,21,1,0.2,1,0.95,1,72,"aic",FALSE,1,FALSE,"epa",TRUE,0.05,-1,"TV-Longitudinal (proxy, epa)"
289,"synthetic_ar","LSVCMM",30,21,1,0.2,1,0.95,1,73,"aic",FALSE,1,FALSE,"rbf",FALSE,0.1,-1,"TV-Independent (rbf)"
290,"synthetic_ar","LSVCMM",30,21,1,0.2,1,0.95,1,73,"aic",FALSE,1,FALSE,"rbf",TRUE,0.1,-1,"TV-Longitudinal (proxy, rbf)"
291,"synthetic_ar","LSVCMM",30,21,1,0.2,1,0.95,1,73,"aic",FALSE,1,FALSE,"rbf",FALSE,1e-05,-1,"Cross-sectional"
292,"synthetic_ar","LSVCMM",30,21,1,0.2,1,0.95,1,73,"aic",FALSE,1,FALSE,"epa",TRUE,0.05,-1,"TV-Longitudinal (proxy, epa)"
293,"synthetic_ar","LSVCMM",30,21,1,0.2,1,0.95,1,74,"aic",FALSE,1,FALSE,"rbf",FALSE,0.1,-1,"TV-Independent (rbf)"
294,"synthetic_ar","LSVCMM",30,21,1,0.2,1,0.95,1,74,"aic",FALSE,1,FALSE,"rbf",TRUE,0.1,-1,"TV-Longitudinal (proxy, rbf)"
295,"synthetic_ar","LSVCMM",30,21,1,0.2,1,0.95,1,74,"aic",FALSE,1,FALSE,"rbf",FALSE,1e-05,-1,"Cross-sectional"
296,"synthetic_ar","LSVCMM",30,21,1,0.2,1,0.95,1,74,"aic",FALSE,1,FALSE,"epa",TRUE,0.05,-1,"TV-Longitudinal (proxy, epa)"
297,"synthetic_ar","LSVCMM",30,21,1,0.2,1,0.95,1,75,"aic",FALSE,1,FALSE,"rbf",FALSE,0.1,-1,"TV-Independent (rbf)"
298,"synthetic_ar","LSVCMM",30,21,1,0.2,1,0.95,1,75,"aic",FALSE,1,FALSE,"rbf",TRUE,0.1,-1,"TV-Longitudinal (proxy, rbf)"
299,"synthetic_ar","LSVCMM",30,21,1,0.2,1,0.95,1,75,"aic",FALSE,1,FALSE,"rbf",FALSE,1e-05,-1,"Cross-sectional"
300,"synthetic_ar","LSVCMM",30,21,1,0.2,1,0.95,1,75,"aic",FALSE,1,FALSE,"epa",TRUE,0.05,-1,"TV-Longitudinal (proxy, epa)"
301,"synthetic_ar","LSVCMM",30,21,1,0.2,1,0.95,1,76,"aic",FALSE,1,FALSE,"rbf",FALSE,0.1,-1,"TV-Independent (rbf)"
302,"synthetic_ar","LSVCMM",30,21,1,0.2,1,0.95,1,76,"aic",FALSE,1,FALSE,"rbf",TRUE,0.1,-1,"TV-Longitudinal (proxy, rbf)"
303,"synthetic_ar","LSVCMM",30,21,1,0.2,1,0.95,1,76,"aic",FALSE,1,FALSE,"rbf",FALSE,1e-05,-1,"Cross-sectional"
304,"synthetic_ar","LSVCMM",30,21,1,0.2,1,0.95,1,76,"aic",FALSE,1,FALSE,"epa",TRUE,0.05,-1,"TV-Longitudinal (proxy, epa)"
305,"synthetic_ar","LSVCMM",30,21,1,0.2,1,0.95,1,77,"aic",FALSE,1,FALSE,"rbf",FALSE,0.1,-1,"TV-Independent (rbf)"
306,"synthetic_ar","LSVCMM",30,21,1,0.2,1,0.95,1,77,"aic",FALSE,1,FALSE,"rbf",TRUE,0.1,-1,"TV-Longitudinal (proxy, rbf)"
307,"synthetic_ar","LSVCMM",30,21,1,0.2,1,0.95,1,77,"aic",FALSE,1,FALSE,"rbf",FALSE,1e-05,-1,"Cross-sectional"
308,"synthetic_ar","LSVCMM",30,21,1,0.2,1,0.95,1,77,"aic",FALSE,1,FALSE,"epa",TRUE,0.05,-1,"TV-Longitudinal (proxy, epa)"
309,"synthetic_ar","LSVCMM",30,21,1,0.2,1,0.95,1,78,"aic",FALSE,1,FALSE,"rbf",FALSE,0.1,-1,"TV-Independent (rbf)"
310,"synthetic_ar","LSVCMM",30,21,1,0.2,1,0.95,1,78,"aic",FALSE,1,FALSE,"rbf",TRUE,0.1,-1,"TV-Longitudinal (proxy, rbf)"
311,"synthetic_ar","LSVCMM",30,21,1,0.2,1,0.95,1,78,"aic",FALSE,1,FALSE,"rbf",FALSE,1e-05,-1,"Cross-sectional"
312,"synthetic_ar","LSVCMM",30,21,1,0.2,1,0.95,1,78,"aic",FALSE,1,FALSE,"epa",TRUE,0.05,-1,"TV-Longitudinal (proxy, epa)"
313,"synthetic_ar","LSVCMM",30,21,1,0.2,1,0.95,1,79,"aic",FALSE,1,FALSE,"rbf",FALSE,0.1,-1,"TV-Independent (rbf)"
314,"synthetic_ar","LSVCMM",30,21,1,0.2,1,0.95,1,79,"aic",FALSE,1,FALSE,"rbf",TRUE,0.1,-1,"TV-Longitudinal (proxy, rbf)"
315,"synthetic_ar","LSVCMM",30,21,1,0.2,1,0.95,1,79,"aic",FALSE,1,FALSE,"rbf",FALSE,1e-05,-1,"Cross-sectional"
316,"synthetic_ar","LSVCMM",30,21,1,0.2,1,0.95,1,79,"aic",FALSE,1,FALSE,"epa",TRUE,0.05,-1,"TV-Longitudinal (proxy, epa)"
317,"synthetic_ar","LSVCMM",30,21,1,0.2,1,0.95,1,80,"aic",FALSE,1,FALSE,"rbf",FALSE,0.1,-1,"TV-Independent (rbf)"
318,"synthetic_ar","LSVCMM",30,21,1,0.2,1,0.95,1,80,"aic",FALSE,1,FALSE,"rbf",TRUE,0.1,-1,"TV-Longitudinal (proxy, rbf)"
319,"synthetic_ar","LSVCMM",30,21,1,0.2,1,0.95,1,80,"aic",FALSE,1,FALSE,"rbf",FALSE,1e-05,-1,"Cross-sectional"
320,"synthetic_ar","LSVCMM",30,21,1,0.2,1,0.95,1,80,"aic",FALSE,1,FALSE,"epa",TRUE,0.05,-1,"TV-Longitudinal (proxy, epa)"
321,"synthetic_ar","LSVCMM",30,21,1,0.2,1,0.95,1,81,"aic",FALSE,1,FALSE,"rbf",FALSE,0.1,-1,"TV-Independent (rbf)"
322,"synthetic_ar","LSVCMM",30,21,1,0.2,1,0.95,1,81,"aic",FALSE,1,FALSE,"rbf",TRUE,0.1,-1,"TV-Longitudinal (proxy, rbf)"
323,"synthetic_ar","LSVCMM",30,21,1,0.2,1,0.95,1,81,"aic",FALSE,1,FALSE,"rbf",FALSE,1e-05,-1,"Cross-sectional"
324,"synthetic_ar","LSVCMM",30,21,1,0.2,1,0.95,1,81,"aic",FALSE,1,FALSE,"epa",TRUE,0.05,-1,"TV-Longitudinal (proxy, epa)"
325,"synthetic_ar","LSVCMM",30,21,1,0.2,1,0.95,1,82,"aic",FALSE,1,FALSE,"rbf",FALSE,0.1,-1,"TV-Independent (rbf)"
326,"synthetic_ar","LSVCMM",30,21,1,0.2,1,0.95,1,82,"aic",FALSE,1,FALSE,"rbf",TRUE,0.1,-1,"TV-Longitudinal (proxy, rbf)"
327,"synthetic_ar","LSVCMM",30,21,1,0.2,1,0.95,1,82,"aic",FALSE,1,FALSE,"rbf",FALSE,1e-05,-1,"Cross-sectional"
328,"synthetic_ar","LSVCMM",30,21,1,0.2,1,0.95,1,82,"aic",FALSE,1,FALSE,"epa",TRUE,0.05,-1,"TV-Longitudinal (proxy, epa)"
329,"synthetic_ar","LSVCMM",30,21,1,0.2,1,0.95,1,83,"aic",FALSE,1,FALSE,"rbf",FALSE,0.1,-1,"TV-Independent (rbf)"
330,"synthetic_ar","LSVCMM",30,21,1,0.2,1,0.95,1,83,"aic",FALSE,1,FALSE,"rbf",TRUE,0.1,-1,"TV-Longitudinal (proxy, rbf)"
331,"synthetic_ar","LSVCMM",30,21,1,0.2,1,0.95,1,83,"aic",FALSE,1,FALSE,"rbf",FALSE,1e-05,-1,"Cross-sectional"
332,"synthetic_ar","LSVCMM",30,21,1,0.2,1,0.95,1,83,"aic",FALSE,1,FALSE,"epa",TRUE,0.05,-1,"TV-Longitudinal (proxy, epa)"
333,"synthetic_ar","LSVCMM",30,21,1,0.2,1,0.95,1,84,"aic",FALSE,1,FALSE,"rbf",FALSE,0.1,-1,"TV-Independent (rbf)"
334,"synthetic_ar","LSVCMM",30,21,1,0.2,1,0.95,1,84,"aic",FALSE,1,FALSE,"rbf",TRUE,0.1,-1,"TV-Longitudinal (proxy, rbf)"
335,"synthetic_ar","LSVCMM",30,21,1,0.2,1,0.95,1,84,"aic",FALSE,1,FALSE,"rbf",FALSE,1e-05,-1,"Cross-sectional"
336,"synthetic_ar","LSVCMM",30,21,1,0.2,1,0.95,1,84,"aic",FALSE,1,FALSE,"epa",TRUE,0.05,-1,"TV-Longitudinal (proxy, epa)"
337,"synthetic_ar","LSVCMM",30,21,1,0.2,1,0.95,1,85,"aic",FALSE,1,FALSE,"rbf",FALSE,0.1,-1,"TV-Independent (rbf)"
338,"synthetic_ar","LSVCMM",30,21,1,0.2,1,0.95,1,85,"aic",FALSE,1,FALSE,"rbf",TRUE,0.1,-1,"TV-Longitudinal (proxy, rbf)"
339,"synthetic_ar","LSVCMM",30,21,1,0.2,1,0.95,1,85,"aic",FALSE,1,FALSE,"rbf",FALSE,1e-05,-1,"Cross-sectional"
340,"synthetic_ar","LSVCMM",30,21,1,0.2,1,0.95,1,85,"aic",FALSE,1,FALSE,"epa",TRUE,0.05,-1,"TV-Longitudinal (proxy, epa)"
341,"synthetic_ar","LSVCMM",30,21,1,0.2,1,0.95,1,86,"aic",FALSE,1,FALSE,"rbf",FALSE,0.1,-1,"TV-Independent (rbf)"
342,"synthetic_ar","LSVCMM",30,21,1,0.2,1,0.95,1,86,"aic",FALSE,1,FALSE,"rbf",TRUE,0.1,-1,"TV-Longitudinal (proxy, rbf)"
343,"synthetic_ar","LSVCMM",30,21,1,0.2,1,0.95,1,86,"aic",FALSE,1,FALSE,"rbf",FALSE,1e-05,-1,"Cross-sectional"
344,"synthetic_ar","LSVCMM",30,21,1,0.2,1,0.95,1,86,"aic",FALSE,1,FALSE,"epa",TRUE,0.05,-1,"TV-Longitudinal (proxy, epa)"
345,"synthetic_ar","LSVCMM",30,21,1,0.2,1,0.95,1,87,"aic",FALSE,1,FALSE,"rbf",FALSE,0.1,-1,"TV-Independent (rbf)"
346,"synthetic_ar","LSVCMM",30,21,1,0.2,1,0.95,1,87,"aic",FALSE,1,FALSE,"rbf",TRUE,0.1,-1,"TV-Longitudinal (proxy, rbf)"
347,"synthetic_ar","LSVCMM",30,21,1,0.2,1,0.95,1,87,"aic",FALSE,1,FALSE,"rbf",FALSE,1e-05,-1,"Cross-sectional"
348,"synthetic_ar","LSVCMM",30,21,1,0.2,1,0.95,1,87,"aic",FALSE,1,FALSE,"epa",TRUE,0.05,-1,"TV-Longitudinal (proxy, epa)"
349,"synthetic_ar","LSVCMM",30,21,1,0.2,1,0.95,1,88,"aic",FALSE,1,FALSE,"rbf",FALSE,0.1,-1,"TV-Independent (rbf)"
350,"synthetic_ar","LSVCMM",30,21,1,0.2,1,0.95,1,88,"aic",FALSE,1,FALSE,"rbf",TRUE,0.1,-1,"TV-Longitudinal (proxy, rbf)"
351,"synthetic_ar","LSVCMM",30,21,1,0.2,1,0.95,1,88,"aic",FALSE,1,FALSE,"rbf",FALSE,1e-05,-1,"Cross-sectional"
352,"synthetic_ar","LSVCMM",30,21,1,0.2,1,0.95,1,88,"aic",FALSE,1,FALSE,"epa",TRUE,0.05,-1,"TV-Longitudinal (proxy, epa)"
353,"synthetic_ar","LSVCMM",30,21,1,0.2,1,0.95,1,89,"aic",FALSE,1,FALSE,"rbf",FALSE,0.1,-1,"TV-Independent (rbf)"
354,"synthetic_ar","LSVCMM",30,21,1,0.2,1,0.95,1,89,"aic",FALSE,1,FALSE,"rbf",TRUE,0.1,-1,"TV-Longitudinal (proxy, rbf)"
355,"synthetic_ar","LSVCMM",30,21,1,0.2,1,0.95,1,89,"aic",FALSE,1,FALSE,"rbf",FALSE,1e-05,-1,"Cross-sectional"
356,"synthetic_ar","LSVCMM",30,21,1,0.2,1,0.95,1,89,"aic",FALSE,1,FALSE,"epa",TRUE,0.05,-1,"TV-Longitudinal (proxy, epa)"
357,"synthetic_ar","LSVCMM",30,21,1,0.2,1,0.95,1,90,"aic",FALSE,1,FALSE,"rbf",FALSE,0.1,-1,"TV-Independent (rbf)"
358,"synthetic_ar","LSVCMM",30,21,1,0.2,1,0.95,1,90,"aic",FALSE,1,FALSE,"rbf",TRUE,0.1,-1,"TV-Longitudinal (proxy, rbf)"
359,"synthetic_ar","LSVCMM",30,21,1,0.2,1,0.95,1,90,"aic",FALSE,1,FALSE,"rbf",FALSE,1e-05,-1,"Cross-sectional"
360,"synthetic_ar","LSVCMM",30,21,1,0.2,1,0.95,1,90,"aic",FALSE,1,FALSE,"epa",TRUE,0.05,-1,"TV-Longitudinal (proxy, epa)"
361,"synthetic_ar","LSVCMM",30,21,1,0.2,1,0.95,1,91,"aic",FALSE,1,FALSE,"rbf",FALSE,0.1,-1,"TV-Independent (rbf)"
362,"synthetic_ar","LSVCMM",30,21,1,0.2,1,0.95,1,91,"aic",FALSE,1,FALSE,"rbf",TRUE,0.1,-1,"TV-Longitudinal (proxy, rbf)"
363,"synthetic_ar","LSVCMM",30,21,1,0.2,1,0.95,1,91,"aic",FALSE,1,FALSE,"rbf",FALSE,1e-05,-1,"Cross-sectional"
364,"synthetic_ar","LSVCMM",30,21,1,0.2,1,0.95,1,91,"aic",FALSE,1,FALSE,"epa",TRUE,0.05,-1,"TV-Longitudinal (proxy, epa)"
365,"synthetic_ar","LSVCMM",30,21,1,0.2,1,0.95,1,92,"aic",FALSE,1,FALSE,"rbf",FALSE,0.1,-1,"TV-Independent (rbf)"
366,"synthetic_ar","LSVCMM",30,21,1,0.2,1,0.95,1,92,"aic",FALSE,1,FALSE,"rbf",TRUE,0.1,-1,"TV-Longitudinal (proxy, rbf)"
367,"synthetic_ar","LSVCMM",30,21,1,0.2,1,0.95,1,92,"aic",FALSE,1,FALSE,"rbf",FALSE,1e-05,-1,"Cross-sectional"
368,"synthetic_ar","LSVCMM",30,21,1,0.2,1,0.95,1,92,"aic",FALSE,1,FALSE,"epa",TRUE,0.05,-1,"TV-Longitudinal (proxy, epa)"
369,"synthetic_ar","LSVCMM",30,21,1,0.2,1,0.95,1,93,"aic",FALSE,1,FALSE,"rbf",FALSE,0.1,-1,"TV-Independent (rbf)"
370,"synthetic_ar","LSVCMM",30,21,1,0.2,1,0.95,1,93,"aic",FALSE,1,FALSE,"rbf",TRUE,0.1,-1,"TV-Longitudinal (proxy, rbf)"
371,"synthetic_ar","LSVCMM",30,21,1,0.2,1,0.95,1,93,"aic",FALSE,1,FALSE,"rbf",FALSE,1e-05,-1,"Cross-sectional"
372,"synthetic_ar","LSVCMM",30,21,1,0.2,1,0.95,1,93,"aic",FALSE,1,FALSE,"epa",TRUE,0.05,-1,"TV-Longitudinal (proxy, epa)"
373,"synthetic_ar","LSVCMM",30,21,1,0.2,1,0.95,1,94,"aic",FALSE,1,FALSE,"rbf",FALSE,0.1,-1,"TV-Independent (rbf)"
374,"synthetic_ar","LSVCMM",30,21,1,0.2,1,0.95,1,94,"aic",FALSE,1,FALSE,"rbf",TRUE,0.1,-1,"TV-Longitudinal (proxy, rbf)"
375,"synthetic_ar","LSVCMM",30,21,1,0.2,1,0.95,1,94,"aic",FALSE,1,FALSE,"rbf",FALSE,1e-05,-1,"Cross-sectional"
376,"synthetic_ar","LSVCMM",30,21,1,0.2,1,0.95,1,94,"aic",FALSE,1,FALSE,"epa",TRUE,0.05,-1,"TV-Longitudinal (proxy, epa)"
377,"synthetic_ar","LSVCMM",30,21,1,0.2,1,0.95,1,95,"aic",FALSE,1,FALSE,"rbf",FALSE,0.1,-1,"TV-Independent (rbf)"
378,"synthetic_ar","LSVCMM",30,21,1,0.2,1,0.95,1,95,"aic",FALSE,1,FALSE,"rbf",TRUE,0.1,-1,"TV-Longitudinal (proxy, rbf)"
379,"synthetic_ar","LSVCMM",30,21,1,0.2,1,0.95,1,95,"aic",FALSE,1,FALSE,"rbf",FALSE,1e-05,-1,"Cross-sectional"
380,"synthetic_ar","LSVCMM",30,21,1,0.2,1,0.95,1,95,"aic",FALSE,1,FALSE,"epa",TRUE,0.05,-1,"TV-Longitudinal (proxy, epa)"
381,"synthetic_ar","LSVCMM",30,21,1,0.2,1,0.95,1,96,"aic",FALSE,1,FALSE,"rbf",FALSE,0.1,-1,"TV-Independent (rbf)"
382,"synthetic_ar","LSVCMM",30,21,1,0.2,1,0.95,1,96,"aic",FALSE,1,FALSE,"rbf",TRUE,0.1,-1,"TV-Longitudinal (proxy, rbf)"
383,"synthetic_ar","LSVCMM",30,21,1,0.2,1,0.95,1,96,"aic",FALSE,1,FALSE,"rbf",FALSE,1e-05,-1,"Cross-sectional"
384,"synthetic_ar","LSVCMM",30,21,1,0.2,1,0.95,1,96,"aic",FALSE,1,FALSE,"epa",TRUE,0.05,-1,"TV-Longitudinal (proxy, epa)"
385,"synthetic_ar","LSVCMM",30,21,1,0.2,1,0.95,1,97,"aic",FALSE,1,FALSE,"rbf",FALSE,0.1,-1,"TV-Independent (rbf)"
386,"synthetic_ar","LSVCMM",30,21,1,0.2,1,0.95,1,97,"aic",FALSE,1,FALSE,"rbf",TRUE,0.1,-1,"TV-Longitudinal (proxy, rbf)"
387,"synthetic_ar","LSVCMM",30,21,1,0.2,1,0.95,1,97,"aic",FALSE,1,FALSE,"rbf",FALSE,1e-05,-1,"Cross-sectional"
388,"synthetic_ar","LSVCMM",30,21,1,0.2,1,0.95,1,97,"aic",FALSE,1,FALSE,"epa",TRUE,0.05,-1,"TV-Longitudinal (proxy, epa)"
389,"synthetic_ar","LSVCMM",30,21,1,0.2,1,0.95,1,98,"aic",FALSE,1,FALSE,"rbf",FALSE,0.1,-1,"TV-Independent (rbf)"
390,"synthetic_ar","LSVCMM",30,21,1,0.2,1,0.95,1,98,"aic",FALSE,1,FALSE,"rbf",TRUE,0.1,-1,"TV-Longitudinal (proxy, rbf)"
391,"synthetic_ar","LSVCMM",30,21,1,0.2,1,0.95,1,98,"aic",FALSE,1,FALSE,"rbf",FALSE,1e-05,-1,"Cross-sectional"
392,"synthetic_ar","LSVCMM",30,21,1,0.2,1,0.95,1,98,"aic",FALSE,1,FALSE,"epa",TRUE,0.05,-1,"TV-Longitudinal (proxy, epa)"
393,"synthetic_ar","LSVCMM",30,21,1,0.2,1,0.95,1,99,"aic",FALSE,1,FALSE,"rbf",FALSE,0.1,-1,"TV-Independent (rbf)"
394,"synthetic_ar","LSVCMM",30,21,1,0.2,1,0.95,1,99,"aic",FALSE,1,FALSE,"rbf",TRUE,0.1,-1,"TV-Longitudinal (proxy, rbf)"
395,"synthetic_ar","LSVCMM",30,21,1,0.2,1,0.95,1,99,"aic",FALSE,1,FALSE,"rbf",FALSE,1e-05,-1,"Cross-sectional"
396,"synthetic_ar","LSVCMM",30,21,1,0.2,1,0.95,1,99,"aic",FALSE,1,FALSE,"epa",TRUE,0.05,-1,"TV-Longitudinal (proxy, epa)"
397,"synthetic_ar","LSVCMM",30,21,1,0.2,1,0.95,1,100,"aic",FALSE,1,FALSE,"rbf",FALSE,0.1,-1,"TV-Independent (rbf)"
398,"synthetic_ar","LSVCMM",30,21,1,0.2,1,0.95,1,100,"aic",FALSE,1,FALSE,"rbf",TRUE,0.1,-1,"TV-Longitudinal (proxy, rbf)"
399,"synthetic_ar","LSVCMM",30,21,1,0.2,1,0.95,1,100,"aic",FALSE,1,FALSE,"rbf",FALSE,1e-05,-1,"Cross-sectional"
400,"synthetic_ar","LSVCMM",30,21,1,0.2,1,0.95,1,100,"aic",FALSE,1,FALSE,"epa",TRUE,0.05,-1,"TV-Longitudinal (proxy, epa)"
