"job.id","problem","algorithm","n_subjects","n_timepoints","prop_observed","observation_variance","random_effect_variance","random_effect_ar1_correlation","effect_size","seed","selection","boot","adaptive","estimate_variance_components","random_effect","kernel_scale","lambda","name"
1,"synthetic_ar","LSVCMM",20,41,1,0.2,1,0.95,1,1,"aic",FALSE,1,FALSE,FALSE,0.1,-1,"independent"
2,"synthetic_ar","LSVCMM",20,41,1,0.2,1,0.95,1,1,"aic",FALSE,1,FALSE,TRUE,0.1,-1,"proxy"
3,"synthetic_ar","LSVCMM",20,41,1,0.2,1,0.95,1,1,"aic",FALSE,1,FALSE,FALSE,1e-05,-1,"local"
4,"synthetic_ar","LSVCMM",20,41,1,0.2,1,0.95,1,1,"aic",FALSE,1,TRUE,TRUE,0.1,-1,"estimated"
5,"synthetic_ar","LSVCMM",20,41,1,0.2,1,0.95,1,2,"aic",FALSE,1,FALSE,FALSE,0.1,-1,"independent"
6,"synthetic_ar","LSVCMM",20,41,1,0.2,1,0.95,1,2,"aic",FALSE,1,FALSE,TRUE,0.1,-1,"proxy"
7,"synthetic_ar","LSVCMM",20,41,1,0.2,1,0.95,1,2,"aic",FALSE,1,FALSE,FALSE,1e-05,-1,"local"
8,"synthetic_ar","LSVCMM",20,41,1,0.2,1,0.95,1,2,"aic",FALSE,1,TRUE,TRUE,0.1,-1,"estimated"
9,"synthetic_ar","LSVCMM",20,41,1,0.2,1,0.95,1,3,"aic",FALSE,1,FALSE,FALSE,0.1,-1,"independent"
10,"synthetic_ar","LSVCMM",20,41,1,0.2,1,0.95,1,3,"aic",FALSE,1,FALSE,TRUE,0.1,-1,"proxy"
11,"synthetic_ar","LSVCMM",20,41,1,0.2,1,0.95,1,3,"aic",FALSE,1,FALSE,FALSE,1e-05,-1,"local"
12,"synthetic_ar","LSVCMM",20,41,1,0.2,1,0.95,1,3,"aic",FALSE,1,TRUE,TRUE,0.1,-1,"estimated"
13,"synthetic_ar","LSVCMM",20,41,1,0.2,1,0.95,1,4,"aic",FALSE,1,FALSE,FALSE,0.1,-1,"independent"
14,"synthetic_ar","LSVCMM",20,41,1,0.2,1,0.95,1,4,"aic",FALSE,1,FALSE,TRUE,0.1,-1,"proxy"
15,"synthetic_ar","LSVCMM",20,41,1,0.2,1,0.95,1,4,"aic",FALSE,1,FALSE,FALSE,1e-05,-1,"local"
16,"synthetic_ar","LSVCMM",20,41,1,0.2,1,0.95,1,4,"aic",FALSE,1,TRUE,TRUE,0.1,-1,"estimated"
17,"synthetic_ar","LSVCMM",20,41,1,0.2,1,0.95,1,5,"aic",FALSE,1,FALSE,FALSE,0.1,-1,"independent"
18,"synthetic_ar","LSVCMM",20,41,1,0.2,1,0.95,1,5,"aic",FALSE,1,FALSE,TRUE,0.1,-1,"proxy"
19,"synthetic_ar","LSVCMM",20,41,1,0.2,1,0.95,1,5,"aic",FALSE,1,FALSE,FALSE,1e-05,-1,"local"
20,"synthetic_ar","LSVCMM",20,41,1,0.2,1,0.95,1,5,"aic",FALSE,1,TRUE,TRUE,0.1,-1,"estimated"
21,"synthetic_ar","LSVCMM",20,41,1,0.2,1,0.95,1,6,"aic",FALSE,1,FALSE,FALSE,0.1,-1,"independent"
22,"synthetic_ar","LSVCMM",20,41,1,0.2,1,0.95,1,6,"aic",FALSE,1,FALSE,TRUE,0.1,-1,"proxy"
23,"synthetic_ar","LSVCMM",20,41,1,0.2,1,0.95,1,6,"aic",FALSE,1,FALSE,FALSE,1e-05,-1,"local"
24,"synthetic_ar","LSVCMM",20,41,1,0.2,1,0.95,1,6,"aic",FALSE,1,TRUE,TRUE,0.1,-1,"estimated"
25,"synthetic_ar","LSVCMM",20,41,1,0.2,1,0.95,1,7,"aic",FALSE,1,FALSE,FALSE,0.1,-1,"independent"
26,"synthetic_ar","LSVCMM",20,41,1,0.2,1,0.95,1,7,"aic",FALSE,1,FALSE,TRUE,0.1,-1,"proxy"
27,"synthetic_ar","LSVCMM",20,41,1,0.2,1,0.95,1,7,"aic",FALSE,1,FALSE,FALSE,1e-05,-1,"local"
28,"synthetic_ar","LSVCMM",20,41,1,0.2,1,0.95,1,7,"aic",FALSE,1,TRUE,TRUE,0.1,-1,"estimated"
29,"synthetic_ar","LSVCMM",20,41,1,0.2,1,0.95,1,8,"aic",FALSE,1,FALSE,FALSE,0.1,-1,"independent"
30,"synthetic_ar","LSVCMM",20,41,1,0.2,1,0.95,1,8,"aic",FALSE,1,FALSE,TRUE,0.1,-1,"proxy"
31,"synthetic_ar","LSVCMM",20,41,1,0.2,1,0.95,1,8,"aic",FALSE,1,FALSE,FALSE,1e-05,-1,"local"
32,"synthetic_ar","LSVCMM",20,41,1,0.2,1,0.95,1,8,"aic",FALSE,1,TRUE,TRUE,0.1,-1,"estimated"
33,"synthetic_ar","LSVCMM",20,41,1,0.2,1,0.95,1,9,"aic",FALSE,1,FALSE,FALSE,0.1,-1,"independent"
34,"synthetic_ar","LSVCMM",20,41,1,0.2,1,0.95,1,9,"aic",FALSE,1,FALSE,TRUE,0.1,-1,"proxy"
35,"synthetic_ar","LSVCMM",20,41,1,0.2,1,0.95,1,9,"aic",FALSE,1,FALSE,FALSE,1e-05,-1,"local"
36,"synthetic_ar","LSVCMM",20,41,1,0.2,1,0.95,1,9,"aic",FALSE,1,TRUE,TRUE,0.1,-1,"estimated"
37,"synthetic_ar","LSVCMM",20,41,1,0.2,1,0.95,1,10,"aic",FALSE,1,FALSE,FALSE,0.1,-1,"independent"
38,"synthetic_ar","LSVCMM",20,41,1,0.2,1,0.95,1,10,"aic",FALSE,1,FALSE,TRUE,0.1,-1,"proxy"
39,"synthetic_ar","LSVCMM",20,41,1,0.2,1,0.95,1,10,"aic",FALSE,1,FALSE,FALSE,1e-05,-1,"local"
40,"synthetic_ar","LSVCMM",20,41,1,0.2,1,0.95,1,10,"aic",FALSE,1,TRUE,TRUE,0.1,-1,"estimated"
41,"synthetic_ar","LSVCMM",20,41,1,0.2,1,0.95,1,11,"aic",FALSE,1,FALSE,FALSE,0.1,-1,"independent"
42,"synthetic_ar","LSVCMM",20,41,1,0.2,1,0.95,1,11,"aic",FALSE,1,FALSE,TRUE,0.1,-1,"proxy"
43,"synthetic_ar","LSVCMM",20,41,1,0.2,1,0.95,1,11,"aic",FALSE,1,FALSE,FALSE,1e-05,-1,"local"
44,"synthetic_ar","LSVCMM",20,41,1,0.2,1,0.95,1,11,"aic",FALSE,1,TRUE,TRUE,0.1,-1,"estimated"
45,"synthetic_ar","LSVCMM",20,41,1,0.2,1,0.95,1,12,"aic",FALSE,1,FALSE,FALSE,0.1,-1,"independent"
46,"synthetic_ar","LSVCMM",20,41,1,0.2,1,0.95,1,12,"aic",FALSE,1,FALSE,TRUE,0.1,-1,"proxy"
47,"synthetic_ar","LSVCMM",20,41,1,0.2,1,0.95,1,12,"aic",FALSE,1,FALSE,FALSE,1e-05,-1,"local"
48,"synthetic_ar","LSVCMM",20,41,1,0.2,1,0.95,1,12,"aic",FALSE,1,TRUE,TRUE,0.1,-1,"estimated"
49,"synthetic_ar","LSVCMM",20,41,1,0.2,1,0.95,1,13,"aic",FALSE,1,FALSE,FALSE,0.1,-1,"independent"
50,"synthetic_ar","LSVCMM",20,41,1,0.2,1,0.95,1,13,"aic",FALSE,1,FALSE,TRUE,0.1,-1,"proxy"
51,"synthetic_ar","LSVCMM",20,41,1,0.2,1,0.95,1,13,"aic",FALSE,1,FALSE,FALSE,1e-05,-1,"local"
52,"synthetic_ar","LSVCMM",20,41,1,0.2,1,0.95,1,13,"aic",FALSE,1,TRUE,TRUE,0.1,-1,"estimated"
53,"synthetic_ar","LSVCMM",20,41,1,0.2,1,0.95,1,14,"aic",FALSE,1,FALSE,FALSE,0.1,-1,"independent"
54,"synthetic_ar","LSVCMM",20,41,1,0.2,1,0.95,1,14,"aic",FALSE,1,FALSE,TRUE,0.1,-1,"proxy"
55,"synthetic_ar","LSVCMM",20,41,1,0.2,1,0.95,1,14,"aic",FALSE,1,FALSE,FALSE,1e-05,-1,"local"
56,"synthetic_ar","LSVCMM",20,41,1,0.2,1,0.95,1,14,"aic",FALSE,1,TRUE,TRUE,0.1,-1,"estimated"
57,"synthetic_ar","LSVCMM",20,41,1,0.2,1,0.95,1,15,"aic",FALSE,1,FALSE,FALSE,0.1,-1,"independent"
58,"synthetic_ar","LSVCMM",20,41,1,0.2,1,0.95,1,15,"aic",FALSE,1,FALSE,TRUE,0.1,-1,"proxy"
59,"synthetic_ar","LSVCMM",20,41,1,0.2,1,0.95,1,15,"aic",FALSE,1,FALSE,FALSE,1e-05,-1,"local"
60,"synthetic_ar","LSVCMM",20,41,1,0.2,1,0.95,1,15,"aic",FALSE,1,TRUE,TRUE,0.1,-1,"estimated"
61,"synthetic_ar","LSVCMM",20,41,1,0.2,1,0.95,1,16,"aic",FALSE,1,FALSE,FALSE,0.1,-1,"independent"
62,"synthetic_ar","LSVCMM",20,41,1,0.2,1,0.95,1,16,"aic",FALSE,1,FALSE,TRUE,0.1,-1,"proxy"
63,"synthetic_ar","LSVCMM",20,41,1,0.2,1,0.95,1,16,"aic",FALSE,1,FALSE,FALSE,1e-05,-1,"local"
64,"synthetic_ar","LSVCMM",20,41,1,0.2,1,0.95,1,16,"aic",FALSE,1,TRUE,TRUE,0.1,-1,"estimated"
65,"synthetic_ar","LSVCMM",20,41,1,0.2,1,0.95,1,17,"aic",FALSE,1,FALSE,FALSE,0.1,-1,"independent"
66,"synthetic_ar","LSVCMM",20,41,1,0.2,1,0.95,1,17,"aic",FALSE,1,FALSE,TRUE,0.1,-1,"proxy"
67,"synthetic_ar","LSVCMM",20,41,1,0.2,1,0.95,1,17,"aic",FALSE,1,FALSE,FALSE,1e-05,-1,"local"
68,"synthetic_ar","LSVCMM",20,41,1,0.2,1,0.95,1,17,"aic",FALSE,1,TRUE,TRUE,0.1,-1,"estimated"
69,"synthetic_ar","LSVCMM",20,41,1,0.2,1,0.95,1,18,"aic",FALSE,1,FALSE,FALSE,0.1,-1,"independent"
70,"synthetic_ar","LSVCMM",20,41,1,0.2,1,0.95,1,18,"aic",FALSE,1,FALSE,TRUE,0.1,-1,"proxy"
71,"synthetic_ar","LSVCMM",20,41,1,0.2,1,0.95,1,18,"aic",FALSE,1,FALSE,FALSE,1e-05,-1,"local"
72,"synthetic_ar","LSVCMM",20,41,1,0.2,1,0.95,1,18,"aic",FALSE,1,TRUE,TRUE,0.1,-1,"estimated"
73,"synthetic_ar","LSVCMM",20,41,1,0.2,1,0.95,1,19,"aic",FALSE,1,FALSE,FALSE,0.1,-1,"independent"
74,"synthetic_ar","LSVCMM",20,41,1,0.2,1,0.95,1,19,"aic",FALSE,1,FALSE,TRUE,0.1,-1,"proxy"
75,"synthetic_ar","LSVCMM",20,41,1,0.2,1,0.95,1,19,"aic",FALSE,1,FALSE,FALSE,1e-05,-1,"local"
76,"synthetic_ar","LSVCMM",20,41,1,0.2,1,0.95,1,19,"aic",FALSE,1,TRUE,TRUE,0.1,-1,"estimated"
77,"synthetic_ar","LSVCMM",20,41,1,0.2,1,0.95,1,20,"aic",FALSE,1,FALSE,FALSE,0.1,-1,"independent"
78,"synthetic_ar","LSVCMM",20,41,1,0.2,1,0.95,1,20,"aic",FALSE,1,FALSE,TRUE,0.1,-1,"proxy"
79,"synthetic_ar","LSVCMM",20,41,1,0.2,1,0.95,1,20,"aic",FALSE,1,FALSE,FALSE,1e-05,-1,"local"
80,"synthetic_ar","LSVCMM",20,41,1,0.2,1,0.95,1,20,"aic",FALSE,1,TRUE,TRUE,0.1,-1,"estimated"
81,"synthetic_ar","LSVCMM",20,41,1,0.2,1,0.95,1,21,"aic",FALSE,1,FALSE,FALSE,0.1,-1,"independent"
82,"synthetic_ar","LSVCMM",20,41,1,0.2,1,0.95,1,21,"aic",FALSE,1,FALSE,TRUE,0.1,-1,"proxy"
83,"synthetic_ar","LSVCMM",20,41,1,0.2,1,0.95,1,21,"aic",FALSE,1,FALSE,FALSE,1e-05,-1,"local"
84,"synthetic_ar","LSVCMM",20,41,1,0.2,1,0.95,1,21,"aic",FALSE,1,TRUE,TRUE,0.1,-1,"estimated"
85,"synthetic_ar","LSVCMM",20,41,1,0.2,1,0.95,1,22,"aic",FALSE,1,FALSE,FALSE,0.1,-1,"independent"
86,"synthetic_ar","LSVCMM",20,41,1,0.2,1,0.95,1,22,"aic",FALSE,1,FALSE,TRUE,0.1,-1,"proxy"
87,"synthetic_ar","LSVCMM",20,41,1,0.2,1,0.95,1,22,"aic",FALSE,1,FALSE,FALSE,1e-05,-1,"local"
88,"synthetic_ar","LSVCMM",20,41,1,0.2,1,0.95,1,22,"aic",FALSE,1,TRUE,TRUE,0.1,-1,"estimated"
89,"synthetic_ar","LSVCMM",20,41,1,0.2,1,0.95,1,23,"aic",FALSE,1,FALSE,FALSE,0.1,-1,"independent"
90,"synthetic_ar","LSVCMM",20,41,1,0.2,1,0.95,1,23,"aic",FALSE,1,FALSE,TRUE,0.1,-1,"proxy"
91,"synthetic_ar","LSVCMM",20,41,1,0.2,1,0.95,1,23,"aic",FALSE,1,FALSE,FALSE,1e-05,-1,"local"
92,"synthetic_ar","LSVCMM",20,41,1,0.2,1,0.95,1,23,"aic",FALSE,1,TRUE,TRUE,0.1,-1,"estimated"
93,"synthetic_ar","LSVCMM",20,41,1,0.2,1,0.95,1,24,"aic",FALSE,1,FALSE,FALSE,0.1,-1,"independent"
94,"synthetic_ar","LSVCMM",20,41,1,0.2,1,0.95,1,24,"aic",FALSE,1,FALSE,TRUE,0.1,-1,"proxy"
95,"synthetic_ar","LSVCMM",20,41,1,0.2,1,0.95,1,24,"aic",FALSE,1,FALSE,FALSE,1e-05,-1,"local"
96,"synthetic_ar","LSVCMM",20,41,1,0.2,1,0.95,1,24,"aic",FALSE,1,TRUE,TRUE,0.1,-1,"estimated"
97,"synthetic_ar","LSVCMM",20,41,1,0.2,1,0.95,1,25,"aic",FALSE,1,FALSE,FALSE,0.1,-1,"independent"
98,"synthetic_ar","LSVCMM",20,41,1,0.2,1,0.95,1,25,"aic",FALSE,1,FALSE,TRUE,0.1,-1,"proxy"
99,"synthetic_ar","LSVCMM",20,41,1,0.2,1,0.95,1,25,"aic",FALSE,1,FALSE,FALSE,1e-05,-1,"local"
100,"synthetic_ar","LSVCMM",20,41,1,0.2,1,0.95,1,25,"aic",FALSE,1,TRUE,TRUE,0.1,-1,"estimated"
101,"synthetic_ar","LSVCMM",20,41,1,0.2,1,0.95,1,26,"aic",FALSE,1,FALSE,FALSE,0.1,-1,"independent"
102,"synthetic_ar","LSVCMM",20,41,1,0.2,1,0.95,1,26,"aic",FALSE,1,FALSE,TRUE,0.1,-1,"proxy"
103,"synthetic_ar","LSVCMM",20,41,1,0.2,1,0.95,1,26,"aic",FALSE,1,FALSE,FALSE,1e-05,-1,"local"
104,"synthetic_ar","LSVCMM",20,41,1,0.2,1,0.95,1,26,"aic",FALSE,1,TRUE,TRUE,0.1,-1,"estimated"
105,"synthetic_ar","LSVCMM",20,41,1,0.2,1,0.95,1,27,"aic",FALSE,1,FALSE,FALSE,0.1,-1,"independent"
106,"synthetic_ar","LSVCMM",20,41,1,0.2,1,0.95,1,27,"aic",FALSE,1,FALSE,TRUE,0.1,-1,"proxy"
107,"synthetic_ar","LSVCMM",20,41,1,0.2,1,0.95,1,27,"aic",FALSE,1,FALSE,FALSE,1e-05,-1,"local"
108,"synthetic_ar","LSVCMM",20,41,1,0.2,1,0.95,1,27,"aic",FALSE,1,TRUE,TRUE,0.1,-1,"estimated"
109,"synthetic_ar","LSVCMM",20,41,1,0.2,1,0.95,1,28,"aic",FALSE,1,FALSE,FALSE,0.1,-1,"independent"
110,"synthetic_ar","LSVCMM",20,41,1,0.2,1,0.95,1,28,"aic",FALSE,1,FALSE,TRUE,0.1,-1,"proxy"
111,"synthetic_ar","LSVCMM",20,41,1,0.2,1,0.95,1,28,"aic",FALSE,1,FALSE,FALSE,1e-05,-1,"local"
112,"synthetic_ar","LSVCMM",20,41,1,0.2,1,0.95,1,28,"aic",FALSE,1,TRUE,TRUE,0.1,-1,"estimated"
113,"synthetic_ar","LSVCMM",20,41,1,0.2,1,0.95,1,29,"aic",FALSE,1,FALSE,FALSE,0.1,-1,"independent"
114,"synthetic_ar","LSVCMM",20,41,1,0.2,1,0.95,1,29,"aic",FALSE,1,FALSE,TRUE,0.1,-1,"proxy"
115,"synthetic_ar","LSVCMM",20,41,1,0.2,1,0.95,1,29,"aic",FALSE,1,FALSE,FALSE,1e-05,-1,"local"
116,"synthetic_ar","LSVCMM",20,41,1,0.2,1,0.95,1,29,"aic",FALSE,1,TRUE,TRUE,0.1,-1,"estimated"
117,"synthetic_ar","LSVCMM",20,41,1,0.2,1,0.95,1,30,"aic",FALSE,1,FALSE,FALSE,0.1,-1,"independent"
118,"synthetic_ar","LSVCMM",20,41,1,0.2,1,0.95,1,30,"aic",FALSE,1,FALSE,TRUE,0.1,-1,"proxy"
119,"synthetic_ar","LSVCMM",20,41,1,0.2,1,0.95,1,30,"aic",FALSE,1,FALSE,FALSE,1e-05,-1,"local"
120,"synthetic_ar","LSVCMM",20,41,1,0.2,1,0.95,1,30,"aic",FALSE,1,TRUE,TRUE,0.1,-1,"estimated"
121,"synthetic_ar","LSVCMM",20,41,1,0.2,1,0.95,1,31,"aic",FALSE,1,FALSE,FALSE,0.1,-1,"independent"
122,"synthetic_ar","LSVCMM",20,41,1,0.2,1,0.95,1,31,"aic",FALSE,1,FALSE,TRUE,0.1,-1,"proxy"
123,"synthetic_ar","LSVCMM",20,41,1,0.2,1,0.95,1,31,"aic",FALSE,1,FALSE,FALSE,1e-05,-1,"local"
124,"synthetic_ar","LSVCMM",20,41,1,0.2,1,0.95,1,31,"aic",FALSE,1,TRUE,TRUE,0.1,-1,"estimated"
125,"synthetic_ar","LSVCMM",20,41,1,0.2,1,0.95,1,32,"aic",FALSE,1,FALSE,FALSE,0.1,-1,"independent"
126,"synthetic_ar","LSVCMM",20,41,1,0.2,1,0.95,1,32,"aic",FALSE,1,FALSE,TRUE,0.1,-1,"proxy"
127,"synthetic_ar","LSVCMM",20,41,1,0.2,1,0.95,1,32,"aic",FALSE,1,FALSE,FALSE,1e-05,-1,"local"
128,"synthetic_ar","LSVCMM",20,41,1,0.2,1,0.95,1,32,"aic",FALSE,1,TRUE,TRUE,0.1,-1,"estimated"
129,"synthetic_ar","LSVCMM",20,41,1,0.2,1,0.95,1,33,"aic",FALSE,1,FALSE,FALSE,0.1,-1,"independent"
130,"synthetic_ar","LSVCMM",20,41,1,0.2,1,0.95,1,33,"aic",FALSE,1,FALSE,TRUE,0.1,-1,"proxy"
131,"synthetic_ar","LSVCMM",20,41,1,0.2,1,0.95,1,33,"aic",FALSE,1,FALSE,FALSE,1e-05,-1,"local"
132,"synthetic_ar","LSVCMM",20,41,1,0.2,1,0.95,1,33,"aic",FALSE,1,TRUE,TRUE,0.1,-1,"estimated"
133,"synthetic_ar","LSVCMM",20,41,1,0.2,1,0.95,1,34,"aic",FALSE,1,FALSE,FALSE,0.1,-1,"independent"
134,"synthetic_ar","LSVCMM",20,41,1,0.2,1,0.95,1,34,"aic",FALSE,1,FALSE,TRUE,0.1,-1,"proxy"
135,"synthetic_ar","LSVCMM",20,41,1,0.2,1,0.95,1,34,"aic",FALSE,1,FALSE,FALSE,1e-05,-1,"local"
136,"synthetic_ar","LSVCMM",20,41,1,0.2,1,0.95,1,34,"aic",FALSE,1,TRUE,TRUE,0.1,-1,"estimated"
137,"synthetic_ar","LSVCMM",20,41,1,0.2,1,0.95,1,35,"aic",FALSE,1,FALSE,FALSE,0.1,-1,"independent"
138,"synthetic_ar","LSVCMM",20,41,1,0.2,1,0.95,1,35,"aic",FALSE,1,FALSE,TRUE,0.1,-1,"proxy"
139,"synthetic_ar","LSVCMM",20,41,1,0.2,1,0.95,1,35,"aic",FALSE,1,FALSE,FALSE,1e-05,-1,"local"
140,"synthetic_ar","LSVCMM",20,41,1,0.2,1,0.95,1,35,"aic",FALSE,1,TRUE,TRUE,0.1,-1,"estimated"
141,"synthetic_ar","LSVCMM",20,41,1,0.2,1,0.95,1,36,"aic",FALSE,1,FALSE,FALSE,0.1,-1,"independent"
142,"synthetic_ar","LSVCMM",20,41,1,0.2,1,0.95,1,36,"aic",FALSE,1,FALSE,TRUE,0.1,-1,"proxy"
143,"synthetic_ar","LSVCMM",20,41,1,0.2,1,0.95,1,36,"aic",FALSE,1,FALSE,FALSE,1e-05,-1,"local"
144,"synthetic_ar","LSVCMM",20,41,1,0.2,1,0.95,1,36,"aic",FALSE,1,TRUE,TRUE,0.1,-1,"estimated"
145,"synthetic_ar","LSVCMM",20,41,1,0.2,1,0.95,1,37,"aic",FALSE,1,FALSE,FALSE,0.1,-1,"independent"
146,"synthetic_ar","LSVCMM",20,41,1,0.2,1,0.95,1,37,"aic",FALSE,1,FALSE,TRUE,0.1,-1,"proxy"
147,"synthetic_ar","LSVCMM",20,41,1,0.2,1,0.95,1,37,"aic",FALSE,1,FALSE,FALSE,1e-05,-1,"local"
148,"synthetic_ar","LSVCMM",20,41,1,0.2,1,0.95,1,37,"aic",FALSE,1,TRUE,TRUE,0.1,-1,"estimated"
149,"synthetic_ar","LSVCMM",20,41,1,0.2,1,0.95,1,38,"aic",FALSE,1,FALSE,FALSE,0.1,-1,"independent"
150,"synthetic_ar","LSVCMM",20,41,1,0.2,1,0.95,1,38,"aic",FALSE,1,FALSE,TRUE,0.1,-1,"proxy"
151,"synthetic_ar","LSVCMM",20,41,1,0.2,1,0.95,1,38,"aic",FALSE,1,FALSE,FALSE,1e-05,-1,"local"
152,"synthetic_ar","LSVCMM",20,41,1,0.2,1,0.95,1,38,"aic",FALSE,1,TRUE,TRUE,0.1,-1,"estimated"
153,"synthetic_ar","LSVCMM",20,41,1,0.2,1,0.95,1,39,"aic",FALSE,1,FALSE,FALSE,0.1,-1,"independent"
154,"synthetic_ar","LSVCMM",20,41,1,0.2,1,0.95,1,39,"aic",FALSE,1,FALSE,TRUE,0.1,-1,"proxy"
155,"synthetic_ar","LSVCMM",20,41,1,0.2,1,0.95,1,39,"aic",FALSE,1,FALSE,FALSE,1e-05,-1,"local"
156,"synthetic_ar","LSVCMM",20,41,1,0.2,1,0.95,1,39,"aic",FALSE,1,TRUE,TRUE,0.1,-1,"estimated"
157,"synthetic_ar","LSVCMM",20,41,1,0.2,1,0.95,1,40,"aic",FALSE,1,FALSE,FALSE,0.1,-1,"independent"
158,"synthetic_ar","LSVCMM",20,41,1,0.2,1,0.95,1,40,"aic",FALSE,1,FALSE,TRUE,0.1,-1,"proxy"
159,"synthetic_ar","LSVCMM",20,41,1,0.2,1,0.95,1,40,"aic",FALSE,1,FALSE,FALSE,1e-05,-1,"local"
160,"synthetic_ar","LSVCMM",20,41,1,0.2,1,0.95,1,40,"aic",FALSE,1,TRUE,TRUE,0.1,-1,"estimated"
161,"synthetic_ar","LSVCMM",20,41,1,0.2,1,0.95,1,41,"aic",FALSE,1,FALSE,FALSE,0.1,-1,"independent"
162,"synthetic_ar","LSVCMM",20,41,1,0.2,1,0.95,1,41,"aic",FALSE,1,FALSE,TRUE,0.1,-1,"proxy"
163,"synthetic_ar","LSVCMM",20,41,1,0.2,1,0.95,1,41,"aic",FALSE,1,FALSE,FALSE,1e-05,-1,"local"
164,"synthetic_ar","LSVCMM",20,41,1,0.2,1,0.95,1,41,"aic",FALSE,1,TRUE,TRUE,0.1,-1,"estimated"
165,"synthetic_ar","LSVCMM",20,41,1,0.2,1,0.95,1,42,"aic",FALSE,1,FALSE,FALSE,0.1,-1,"independent"
166,"synthetic_ar","LSVCMM",20,41,1,0.2,1,0.95,1,42,"aic",FALSE,1,FALSE,TRUE,0.1,-1,"proxy"
167,"synthetic_ar","LSVCMM",20,41,1,0.2,1,0.95,1,42,"aic",FALSE,1,FALSE,FALSE,1e-05,-1,"local"
168,"synthetic_ar","LSVCMM",20,41,1,0.2,1,0.95,1,42,"aic",FALSE,1,TRUE,TRUE,0.1,-1,"estimated"
169,"synthetic_ar","LSVCMM",20,41,1,0.2,1,0.95,1,43,"aic",FALSE,1,FALSE,FALSE,0.1,-1,"independent"
170,"synthetic_ar","LSVCMM",20,41,1,0.2,1,0.95,1,43,"aic",FALSE,1,FALSE,TRUE,0.1,-1,"proxy"
171,"synthetic_ar","LSVCMM",20,41,1,0.2,1,0.95,1,43,"aic",FALSE,1,FALSE,FALSE,1e-05,-1,"local"
172,"synthetic_ar","LSVCMM",20,41,1,0.2,1,0.95,1,43,"aic",FALSE,1,TRUE,TRUE,0.1,-1,"estimated"
173,"synthetic_ar","LSVCMM",20,41,1,0.2,1,0.95,1,44,"aic",FALSE,1,FALSE,FALSE,0.1,-1,"independent"
174,"synthetic_ar","LSVCMM",20,41,1,0.2,1,0.95,1,44,"aic",FALSE,1,FALSE,TRUE,0.1,-1,"proxy"
175,"synthetic_ar","LSVCMM",20,41,1,0.2,1,0.95,1,44,"aic",FALSE,1,FALSE,FALSE,1e-05,-1,"local"
176,"synthetic_ar","LSVCMM",20,41,1,0.2,1,0.95,1,44,"aic",FALSE,1,TRUE,TRUE,0.1,-1,"estimated"
177,"synthetic_ar","LSVCMM",20,41,1,0.2,1,0.95,1,45,"aic",FALSE,1,FALSE,FALSE,0.1,-1,"independent"
178,"synthetic_ar","LSVCMM",20,41,1,0.2,1,0.95,1,45,"aic",FALSE,1,FALSE,TRUE,0.1,-1,"proxy"
179,"synthetic_ar","LSVCMM",20,41,1,0.2,1,0.95,1,45,"aic",FALSE,1,FALSE,FALSE,1e-05,-1,"local"
180,"synthetic_ar","LSVCMM",20,41,1,0.2,1,0.95,1,45,"aic",FALSE,1,TRUE,TRUE,0.1,-1,"estimated"
181,"synthetic_ar","LSVCMM",20,41,1,0.2,1,0.95,1,46,"aic",FALSE,1,FALSE,FALSE,0.1,-1,"independent"
182,"synthetic_ar","LSVCMM",20,41,1,0.2,1,0.95,1,46,"aic",FALSE,1,FALSE,TRUE,0.1,-1,"proxy"
183,"synthetic_ar","LSVCMM",20,41,1,0.2,1,0.95,1,46,"aic",FALSE,1,FALSE,FALSE,1e-05,-1,"local"
184,"synthetic_ar","LSVCMM",20,41,1,0.2,1,0.95,1,46,"aic",FALSE,1,TRUE,TRUE,0.1,-1,"estimated"
185,"synthetic_ar","LSVCMM",20,41,1,0.2,1,0.95,1,47,"aic",FALSE,1,FALSE,FALSE,0.1,-1,"independent"
186,"synthetic_ar","LSVCMM",20,41,1,0.2,1,0.95,1,47,"aic",FALSE,1,FALSE,TRUE,0.1,-1,"proxy"
187,"synthetic_ar","LSVCMM",20,41,1,0.2,1,0.95,1,47,"aic",FALSE,1,FALSE,FALSE,1e-05,-1,"local"
188,"synthetic_ar","LSVCMM",20,41,1,0.2,1,0.95,1,47,"aic",FALSE,1,TRUE,TRUE,0.1,-1,"estimated"
189,"synthetic_ar","LSVCMM",20,41,1,0.2,1,0.95,1,48,"aic",FALSE,1,FALSE,FALSE,0.1,-1,"independent"
190,"synthetic_ar","LSVCMM",20,41,1,0.2,1,0.95,1,48,"aic",FALSE,1,FALSE,TRUE,0.1,-1,"proxy"
191,"synthetic_ar","LSVCMM",20,41,1,0.2,1,0.95,1,48,"aic",FALSE,1,FALSE,FALSE,1e-05,-1,"local"
192,"synthetic_ar","LSVCMM",20,41,1,0.2,1,0.95,1,48,"aic",FALSE,1,TRUE,TRUE,0.1,-1,"estimated"
193,"synthetic_ar","LSVCMM",20,41,1,0.2,1,0.95,1,49,"aic",FALSE,1,FALSE,FALSE,0.1,-1,"independent"
194,"synthetic_ar","LSVCMM",20,41,1,0.2,1,0.95,1,49,"aic",FALSE,1,FALSE,TRUE,0.1,-1,"proxy"
195,"synthetic_ar","LSVCMM",20,41,1,0.2,1,0.95,1,49,"aic",FALSE,1,FALSE,FALSE,1e-05,-1,"local"
196,"synthetic_ar","LSVCMM",20,41,1,0.2,1,0.95,1,49,"aic",FALSE,1,TRUE,TRUE,0.1,-1,"estimated"
197,"synthetic_ar","LSVCMM",20,41,1,0.2,1,0.95,1,50,"aic",FALSE,1,FALSE,FALSE,0.1,-1,"independent"
198,"synthetic_ar","LSVCMM",20,41,1,0.2,1,0.95,1,50,"aic",FALSE,1,FALSE,TRUE,0.1,-1,"proxy"
199,"synthetic_ar","LSVCMM",20,41,1,0.2,1,0.95,1,50,"aic",FALSE,1,FALSE,FALSE,1e-05,-1,"local"
200,"synthetic_ar","LSVCMM",20,41,1,0.2,1,0.95,1,50,"aic",FALSE,1,TRUE,TRUE,0.1,-1,"estimated"
201,"synthetic_ar","LSVCMM",20,41,1,0.2,1,0.95,1,51,"aic",FALSE,1,FALSE,FALSE,0.1,-1,"independent"
202,"synthetic_ar","LSVCMM",20,41,1,0.2,1,0.95,1,51,"aic",FALSE,1,FALSE,TRUE,0.1,-1,"proxy"
203,"synthetic_ar","LSVCMM",20,41,1,0.2,1,0.95,1,51,"aic",FALSE,1,FALSE,FALSE,1e-05,-1,"local"
204,"synthetic_ar","LSVCMM",20,41,1,0.2,1,0.95,1,51,"aic",FALSE,1,TRUE,TRUE,0.1,-1,"estimated"
205,"synthetic_ar","LSVCMM",20,41,1,0.2,1,0.95,1,52,"aic",FALSE,1,FALSE,FALSE,0.1,-1,"independent"
206,"synthetic_ar","LSVCMM",20,41,1,0.2,1,0.95,1,52,"aic",FALSE,1,FALSE,TRUE,0.1,-1,"proxy"
207,"synthetic_ar","LSVCMM",20,41,1,0.2,1,0.95,1,52,"aic",FALSE,1,FALSE,FALSE,1e-05,-1,"local"
208,"synthetic_ar","LSVCMM",20,41,1,0.2,1,0.95,1,52,"aic",FALSE,1,TRUE,TRUE,0.1,-1,"estimated"
209,"synthetic_ar","LSVCMM",20,41,1,0.2,1,0.95,1,53,"aic",FALSE,1,FALSE,FALSE,0.1,-1,"independent"
210,"synthetic_ar","LSVCMM",20,41,1,0.2,1,0.95,1,53,"aic",FALSE,1,FALSE,TRUE,0.1,-1,"proxy"
211,"synthetic_ar","LSVCMM",20,41,1,0.2,1,0.95,1,53,"aic",FALSE,1,FALSE,FALSE,1e-05,-1,"local"
212,"synthetic_ar","LSVCMM",20,41,1,0.2,1,0.95,1,53,"aic",FALSE,1,TRUE,TRUE,0.1,-1,"estimated"
213,"synthetic_ar","LSVCMM",20,41,1,0.2,1,0.95,1,54,"aic",FALSE,1,FALSE,FALSE,0.1,-1,"independent"
214,"synthetic_ar","LSVCMM",20,41,1,0.2,1,0.95,1,54,"aic",FALSE,1,FALSE,TRUE,0.1,-1,"proxy"
215,"synthetic_ar","LSVCMM",20,41,1,0.2,1,0.95,1,54,"aic",FALSE,1,FALSE,FALSE,1e-05,-1,"local"
216,"synthetic_ar","LSVCMM",20,41,1,0.2,1,0.95,1,54,"aic",FALSE,1,TRUE,TRUE,0.1,-1,"estimated"
217,"synthetic_ar","LSVCMM",20,41,1,0.2,1,0.95,1,55,"aic",FALSE,1,FALSE,FALSE,0.1,-1,"independent"
218,"synthetic_ar","LSVCMM",20,41,1,0.2,1,0.95,1,55,"aic",FALSE,1,FALSE,TRUE,0.1,-1,"proxy"
219,"synthetic_ar","LSVCMM",20,41,1,0.2,1,0.95,1,55,"aic",FALSE,1,FALSE,FALSE,1e-05,-1,"local"
220,"synthetic_ar","LSVCMM",20,41,1,0.2,1,0.95,1,55,"aic",FALSE,1,TRUE,TRUE,0.1,-1,"estimated"
221,"synthetic_ar","LSVCMM",20,41,1,0.2,1,0.95,1,56,"aic",FALSE,1,FALSE,FALSE,0.1,-1,"independent"
222,"synthetic_ar","LSVCMM",20,41,1,0.2,1,0.95,1,56,"aic",FALSE,1,FALSE,TRUE,0.1,-1,"proxy"
223,"synthetic_ar","LSVCMM",20,41,1,0.2,1,0.95,1,56,"aic",FALSE,1,FALSE,FALSE,1e-05,-1,"local"
224,"synthetic_ar","LSVCMM",20,41,1,0.2,1,0.95,1,56,"aic",FALSE,1,TRUE,TRUE,0.1,-1,"estimated"
225,"synthetic_ar","LSVCMM",20,41,1,0.2,1,0.95,1,57,"aic",FALSE,1,FALSE,FALSE,0.1,-1,"independent"
226,"synthetic_ar","LSVCMM",20,41,1,0.2,1,0.95,1,57,"aic",FALSE,1,FALSE,TRUE,0.1,-1,"proxy"
227,"synthetic_ar","LSVCMM",20,41,1,0.2,1,0.95,1,57,"aic",FALSE,1,FALSE,FALSE,1e-05,-1,"local"
228,"synthetic_ar","LSVCMM",20,41,1,0.2,1,0.95,1,57,"aic",FALSE,1,TRUE,TRUE,0.1,-1,"estimated"
229,"synthetic_ar","LSVCMM",20,41,1,0.2,1,0.95,1,58,"aic",FALSE,1,FALSE,FALSE,0.1,-1,"independent"
230,"synthetic_ar","LSVCMM",20,41,1,0.2,1,0.95,1,58,"aic",FALSE,1,FALSE,TRUE,0.1,-1,"proxy"
231,"synthetic_ar","LSVCMM",20,41,1,0.2,1,0.95,1,58,"aic",FALSE,1,FALSE,FALSE,1e-05,-1,"local"
232,"synthetic_ar","LSVCMM",20,41,1,0.2,1,0.95,1,58,"aic",FALSE,1,TRUE,TRUE,0.1,-1,"estimated"
233,"synthetic_ar","LSVCMM",20,41,1,0.2,1,0.95,1,59,"aic",FALSE,1,FALSE,FALSE,0.1,-1,"independent"
234,"synthetic_ar","LSVCMM",20,41,1,0.2,1,0.95,1,59,"aic",FALSE,1,FALSE,TRUE,0.1,-1,"proxy"
235,"synthetic_ar","LSVCMM",20,41,1,0.2,1,0.95,1,59,"aic",FALSE,1,FALSE,FALSE,1e-05,-1,"local"
236,"synthetic_ar","LSVCMM",20,41,1,0.2,1,0.95,1,59,"aic",FALSE,1,TRUE,TRUE,0.1,-1,"estimated"
237,"synthetic_ar","LSVCMM",20,41,1,0.2,1,0.95,1,60,"aic",FALSE,1,FALSE,FALSE,0.1,-1,"independent"
238,"synthetic_ar","LSVCMM",20,41,1,0.2,1,0.95,1,60,"aic",FALSE,1,FALSE,TRUE,0.1,-1,"proxy"
239,"synthetic_ar","LSVCMM",20,41,1,0.2,1,0.95,1,60,"aic",FALSE,1,FALSE,FALSE,1e-05,-1,"local"
240,"synthetic_ar","LSVCMM",20,41,1,0.2,1,0.95,1,60,"aic",FALSE,1,TRUE,TRUE,0.1,-1,"estimated"
241,"synthetic_ar","LSVCMM",20,41,1,0.2,1,0.95,1,61,"aic",FALSE,1,FALSE,FALSE,0.1,-1,"independent"
242,"synthetic_ar","LSVCMM",20,41,1,0.2,1,0.95,1,61,"aic",FALSE,1,FALSE,TRUE,0.1,-1,"proxy"
243,"synthetic_ar","LSVCMM",20,41,1,0.2,1,0.95,1,61,"aic",FALSE,1,FALSE,FALSE,1e-05,-1,"local"
244,"synthetic_ar","LSVCMM",20,41,1,0.2,1,0.95,1,61,"aic",FALSE,1,TRUE,TRUE,0.1,-1,"estimated"
245,"synthetic_ar","LSVCMM",20,41,1,0.2,1,0.95,1,62,"aic",FALSE,1,FALSE,FALSE,0.1,-1,"independent"
246,"synthetic_ar","LSVCMM",20,41,1,0.2,1,0.95,1,62,"aic",FALSE,1,FALSE,TRUE,0.1,-1,"proxy"
247,"synthetic_ar","LSVCMM",20,41,1,0.2,1,0.95,1,62,"aic",FALSE,1,FALSE,FALSE,1e-05,-1,"local"
248,"synthetic_ar","LSVCMM",20,41,1,0.2,1,0.95,1,62,"aic",FALSE,1,TRUE,TRUE,0.1,-1,"estimated"
249,"synthetic_ar","LSVCMM",20,41,1,0.2,1,0.95,1,63,"aic",FALSE,1,FALSE,FALSE,0.1,-1,"independent"
250,"synthetic_ar","LSVCMM",20,41,1,0.2,1,0.95,1,63,"aic",FALSE,1,FALSE,TRUE,0.1,-1,"proxy"
251,"synthetic_ar","LSVCMM",20,41,1,0.2,1,0.95,1,63,"aic",FALSE,1,FALSE,FALSE,1e-05,-1,"local"
252,"synthetic_ar","LSVCMM",20,41,1,0.2,1,0.95,1,63,"aic",FALSE,1,TRUE,TRUE,0.1,-1,"estimated"
253,"synthetic_ar","LSVCMM",20,41,1,0.2,1,0.95,1,64,"aic",FALSE,1,FALSE,FALSE,0.1,-1,"independent"
254,"synthetic_ar","LSVCMM",20,41,1,0.2,1,0.95,1,64,"aic",FALSE,1,FALSE,TRUE,0.1,-1,"proxy"
255,"synthetic_ar","LSVCMM",20,41,1,0.2,1,0.95,1,64,"aic",FALSE,1,FALSE,FALSE,1e-05,-1,"local"
256,"synthetic_ar","LSVCMM",20,41,1,0.2,1,0.95,1,64,"aic",FALSE,1,TRUE,TRUE,0.1,-1,"estimated"
257,"synthetic_ar","LSVCMM",20,41,1,0.2,1,0.95,1,65,"aic",FALSE,1,FALSE,FALSE,0.1,-1,"independent"
258,"synthetic_ar","LSVCMM",20,41,1,0.2,1,0.95,1,65,"aic",FALSE,1,FALSE,TRUE,0.1,-1,"proxy"
259,"synthetic_ar","LSVCMM",20,41,1,0.2,1,0.95,1,65,"aic",FALSE,1,FALSE,FALSE,1e-05,-1,"local"
260,"synthetic_ar","LSVCMM",20,41,1,0.2,1,0.95,1,65,"aic",FALSE,1,TRUE,TRUE,0.1,-1,"estimated"
261,"synthetic_ar","LSVCMM",20,41,1,0.2,1,0.95,1,66,"aic",FALSE,1,FALSE,FALSE,0.1,-1,"independent"
262,"synthetic_ar","LSVCMM",20,41,1,0.2,1,0.95,1,66,"aic",FALSE,1,FALSE,TRUE,0.1,-1,"proxy"
263,"synthetic_ar","LSVCMM",20,41,1,0.2,1,0.95,1,66,"aic",FALSE,1,FALSE,FALSE,1e-05,-1,"local"
264,"synthetic_ar","LSVCMM",20,41,1,0.2,1,0.95,1,66,"aic",FALSE,1,TRUE,TRUE,0.1,-1,"estimated"
265,"synthetic_ar","LSVCMM",20,41,1,0.2,1,0.95,1,67,"aic",FALSE,1,FALSE,FALSE,0.1,-1,"independent"
266,"synthetic_ar","LSVCMM",20,41,1,0.2,1,0.95,1,67,"aic",FALSE,1,FALSE,TRUE,0.1,-1,"proxy"
267,"synthetic_ar","LSVCMM",20,41,1,0.2,1,0.95,1,67,"aic",FALSE,1,FALSE,FALSE,1e-05,-1,"local"
268,"synthetic_ar","LSVCMM",20,41,1,0.2,1,0.95,1,67,"aic",FALSE,1,TRUE,TRUE,0.1,-1,"estimated"
269,"synthetic_ar","LSVCMM",20,41,1,0.2,1,0.95,1,68,"aic",FALSE,1,FALSE,FALSE,0.1,-1,"independent"
270,"synthetic_ar","LSVCMM",20,41,1,0.2,1,0.95,1,68,"aic",FALSE,1,FALSE,TRUE,0.1,-1,"proxy"
271,"synthetic_ar","LSVCMM",20,41,1,0.2,1,0.95,1,68,"aic",FALSE,1,FALSE,FALSE,1e-05,-1,"local"
272,"synthetic_ar","LSVCMM",20,41,1,0.2,1,0.95,1,68,"aic",FALSE,1,TRUE,TRUE,0.1,-1,"estimated"
273,"synthetic_ar","LSVCMM",20,41,1,0.2,1,0.95,1,69,"aic",FALSE,1,FALSE,FALSE,0.1,-1,"independent"
274,"synthetic_ar","LSVCMM",20,41,1,0.2,1,0.95,1,69,"aic",FALSE,1,FALSE,TRUE,0.1,-1,"proxy"
275,"synthetic_ar","LSVCMM",20,41,1,0.2,1,0.95,1,69,"aic",FALSE,1,FALSE,FALSE,1e-05,-1,"local"
276,"synthetic_ar","LSVCMM",20,41,1,0.2,1,0.95,1,69,"aic",FALSE,1,TRUE,TRUE,0.1,-1,"estimated"
277,"synthetic_ar","LSVCMM",20,41,1,0.2,1,0.95,1,70,"aic",FALSE,1,FALSE,FALSE,0.1,-1,"independent"
278,"synthetic_ar","LSVCMM",20,41,1,0.2,1,0.95,1,70,"aic",FALSE,1,FALSE,TRUE,0.1,-1,"proxy"
279,"synthetic_ar","LSVCMM",20,41,1,0.2,1,0.95,1,70,"aic",FALSE,1,FALSE,FALSE,1e-05,-1,"local"
280,"synthetic_ar","LSVCMM",20,41,1,0.2,1,0.95,1,70,"aic",FALSE,1,TRUE,TRUE,0.1,-1,"estimated"
281,"synthetic_ar","LSVCMM",20,41,1,0.2,1,0.95,1,71,"aic",FALSE,1,FALSE,FALSE,0.1,-1,"independent"
282,"synthetic_ar","LSVCMM",20,41,1,0.2,1,0.95,1,71,"aic",FALSE,1,FALSE,TRUE,0.1,-1,"proxy"
283,"synthetic_ar","LSVCMM",20,41,1,0.2,1,0.95,1,71,"aic",FALSE,1,FALSE,FALSE,1e-05,-1,"local"
284,"synthetic_ar","LSVCMM",20,41,1,0.2,1,0.95,1,71,"aic",FALSE,1,TRUE,TRUE,0.1,-1,"estimated"
285,"synthetic_ar","LSVCMM",20,41,1,0.2,1,0.95,1,72,"aic",FALSE,1,FALSE,FALSE,0.1,-1,"independent"
286,"synthetic_ar","LSVCMM",20,41,1,0.2,1,0.95,1,72,"aic",FALSE,1,FALSE,TRUE,0.1,-1,"proxy"
287,"synthetic_ar","LSVCMM",20,41,1,0.2,1,0.95,1,72,"aic",FALSE,1,FALSE,FALSE,1e-05,-1,"local"
288,"synthetic_ar","LSVCMM",20,41,1,0.2,1,0.95,1,72,"aic",FALSE,1,TRUE,TRUE,0.1,-1,"estimated"
289,"synthetic_ar","LSVCMM",20,41,1,0.2,1,0.95,1,73,"aic",FALSE,1,FALSE,FALSE,0.1,-1,"independent"
290,"synthetic_ar","LSVCMM",20,41,1,0.2,1,0.95,1,73,"aic",FALSE,1,FALSE,TRUE,0.1,-1,"proxy"
291,"synthetic_ar","LSVCMM",20,41,1,0.2,1,0.95,1,73,"aic",FALSE,1,FALSE,FALSE,1e-05,-1,"local"
292,"synthetic_ar","LSVCMM",20,41,1,0.2,1,0.95,1,73,"aic",FALSE,1,TRUE,TRUE,0.1,-1,"estimated"
293,"synthetic_ar","LSVCMM",20,41,1,0.2,1,0.95,1,74,"aic",FALSE,1,FALSE,FALSE,0.1,-1,"independent"
294,"synthetic_ar","LSVCMM",20,41,1,0.2,1,0.95,1,74,"aic",FALSE,1,FALSE,TRUE,0.1,-1,"proxy"
295,"synthetic_ar","LSVCMM",20,41,1,0.2,1,0.95,1,74,"aic",FALSE,1,FALSE,FALSE,1e-05,-1,"local"
296,"synthetic_ar","LSVCMM",20,41,1,0.2,1,0.95,1,74,"aic",FALSE,1,TRUE,TRUE,0.1,-1,"estimated"
297,"synthetic_ar","LSVCMM",20,41,1,0.2,1,0.95,1,75,"aic",FALSE,1,FALSE,FALSE,0.1,-1,"independent"
298,"synthetic_ar","LSVCMM",20,41,1,0.2,1,0.95,1,75,"aic",FALSE,1,FALSE,TRUE,0.1,-1,"proxy"
299,"synthetic_ar","LSVCMM",20,41,1,0.2,1,0.95,1,75,"aic",FALSE,1,FALSE,FALSE,1e-05,-1,"local"
300,"synthetic_ar","LSVCMM",20,41,1,0.2,1,0.95,1,75,"aic",FALSE,1,TRUE,TRUE,0.1,-1,"estimated"
301,"synthetic_ar","LSVCMM",20,41,1,0.2,1,0.95,1,76,"aic",FALSE,1,FALSE,FALSE,0.1,-1,"independent"
302,"synthetic_ar","LSVCMM",20,41,1,0.2,1,0.95,1,76,"aic",FALSE,1,FALSE,TRUE,0.1,-1,"proxy"
303,"synthetic_ar","LSVCMM",20,41,1,0.2,1,0.95,1,76,"aic",FALSE,1,FALSE,FALSE,1e-05,-1,"local"
304,"synthetic_ar","LSVCMM",20,41,1,0.2,1,0.95,1,76,"aic",FALSE,1,TRUE,TRUE,0.1,-1,"estimated"
305,"synthetic_ar","LSVCMM",20,41,1,0.2,1,0.95,1,77,"aic",FALSE,1,FALSE,FALSE,0.1,-1,"independent"
306,"synthetic_ar","LSVCMM",20,41,1,0.2,1,0.95,1,77,"aic",FALSE,1,FALSE,TRUE,0.1,-1,"proxy"
307,"synthetic_ar","LSVCMM",20,41,1,0.2,1,0.95,1,77,"aic",FALSE,1,FALSE,FALSE,1e-05,-1,"local"
308,"synthetic_ar","LSVCMM",20,41,1,0.2,1,0.95,1,77,"aic",FALSE,1,TRUE,TRUE,0.1,-1,"estimated"
309,"synthetic_ar","LSVCMM",20,41,1,0.2,1,0.95,1,78,"aic",FALSE,1,FALSE,FALSE,0.1,-1,"independent"
310,"synthetic_ar","LSVCMM",20,41,1,0.2,1,0.95,1,78,"aic",FALSE,1,FALSE,TRUE,0.1,-1,"proxy"
311,"synthetic_ar","LSVCMM",20,41,1,0.2,1,0.95,1,78,"aic",FALSE,1,FALSE,FALSE,1e-05,-1,"local"
312,"synthetic_ar","LSVCMM",20,41,1,0.2,1,0.95,1,78,"aic",FALSE,1,TRUE,TRUE,0.1,-1,"estimated"
313,"synthetic_ar","LSVCMM",20,41,1,0.2,1,0.95,1,79,"aic",FALSE,1,FALSE,FALSE,0.1,-1,"independent"
314,"synthetic_ar","LSVCMM",20,41,1,0.2,1,0.95,1,79,"aic",FALSE,1,FALSE,TRUE,0.1,-1,"proxy"
315,"synthetic_ar","LSVCMM",20,41,1,0.2,1,0.95,1,79,"aic",FALSE,1,FALSE,FALSE,1e-05,-1,"local"
316,"synthetic_ar","LSVCMM",20,41,1,0.2,1,0.95,1,79,"aic",FALSE,1,TRUE,TRUE,0.1,-1,"estimated"
317,"synthetic_ar","LSVCMM",20,41,1,0.2,1,0.95,1,80,"aic",FALSE,1,FALSE,FALSE,0.1,-1,"independent"
318,"synthetic_ar","LSVCMM",20,41,1,0.2,1,0.95,1,80,"aic",FALSE,1,FALSE,TRUE,0.1,-1,"proxy"
319,"synthetic_ar","LSVCMM",20,41,1,0.2,1,0.95,1,80,"aic",FALSE,1,FALSE,FALSE,1e-05,-1,"local"
320,"synthetic_ar","LSVCMM",20,41,1,0.2,1,0.95,1,80,"aic",FALSE,1,TRUE,TRUE,0.1,-1,"estimated"
321,"synthetic_ar","LSVCMM",20,41,1,0.2,1,0.95,1,81,"aic",FALSE,1,FALSE,FALSE,0.1,-1,"independent"
322,"synthetic_ar","LSVCMM",20,41,1,0.2,1,0.95,1,81,"aic",FALSE,1,FALSE,TRUE,0.1,-1,"proxy"
323,"synthetic_ar","LSVCMM",20,41,1,0.2,1,0.95,1,81,"aic",FALSE,1,FALSE,FALSE,1e-05,-1,"local"
324,"synthetic_ar","LSVCMM",20,41,1,0.2,1,0.95,1,81,"aic",FALSE,1,TRUE,TRUE,0.1,-1,"estimated"
325,"synthetic_ar","LSVCMM",20,41,1,0.2,1,0.95,1,82,"aic",FALSE,1,FALSE,FALSE,0.1,-1,"independent"
326,"synthetic_ar","LSVCMM",20,41,1,0.2,1,0.95,1,82,"aic",FALSE,1,FALSE,TRUE,0.1,-1,"proxy"
327,"synthetic_ar","LSVCMM",20,41,1,0.2,1,0.95,1,82,"aic",FALSE,1,FALSE,FALSE,1e-05,-1,"local"
328,"synthetic_ar","LSVCMM",20,41,1,0.2,1,0.95,1,82,"aic",FALSE,1,TRUE,TRUE,0.1,-1,"estimated"
329,"synthetic_ar","LSVCMM",20,41,1,0.2,1,0.95,1,83,"aic",FALSE,1,FALSE,FALSE,0.1,-1,"independent"
330,"synthetic_ar","LSVCMM",20,41,1,0.2,1,0.95,1,83,"aic",FALSE,1,FALSE,TRUE,0.1,-1,"proxy"
331,"synthetic_ar","LSVCMM",20,41,1,0.2,1,0.95,1,83,"aic",FALSE,1,FALSE,FALSE,1e-05,-1,"local"
332,"synthetic_ar","LSVCMM",20,41,1,0.2,1,0.95,1,83,"aic",FALSE,1,TRUE,TRUE,0.1,-1,"estimated"
333,"synthetic_ar","LSVCMM",20,41,1,0.2,1,0.95,1,84,"aic",FALSE,1,FALSE,FALSE,0.1,-1,"independent"
334,"synthetic_ar","LSVCMM",20,41,1,0.2,1,0.95,1,84,"aic",FALSE,1,FALSE,TRUE,0.1,-1,"proxy"
335,"synthetic_ar","LSVCMM",20,41,1,0.2,1,0.95,1,84,"aic",FALSE,1,FALSE,FALSE,1e-05,-1,"local"
336,"synthetic_ar","LSVCMM",20,41,1,0.2,1,0.95,1,84,"aic",FALSE,1,TRUE,TRUE,0.1,-1,"estimated"
337,"synthetic_ar","LSVCMM",20,41,1,0.2,1,0.95,1,85,"aic",FALSE,1,FALSE,FALSE,0.1,-1,"independent"
338,"synthetic_ar","LSVCMM",20,41,1,0.2,1,0.95,1,85,"aic",FALSE,1,FALSE,TRUE,0.1,-1,"proxy"
339,"synthetic_ar","LSVCMM",20,41,1,0.2,1,0.95,1,85,"aic",FALSE,1,FALSE,FALSE,1e-05,-1,"local"
340,"synthetic_ar","LSVCMM",20,41,1,0.2,1,0.95,1,85,"aic",FALSE,1,TRUE,TRUE,0.1,-1,"estimated"
341,"synthetic_ar","LSVCMM",20,41,1,0.2,1,0.95,1,86,"aic",FALSE,1,FALSE,FALSE,0.1,-1,"independent"
342,"synthetic_ar","LSVCMM",20,41,1,0.2,1,0.95,1,86,"aic",FALSE,1,FALSE,TRUE,0.1,-1,"proxy"
343,"synthetic_ar","LSVCMM",20,41,1,0.2,1,0.95,1,86,"aic",FALSE,1,FALSE,FALSE,1e-05,-1,"local"
344,"synthetic_ar","LSVCMM",20,41,1,0.2,1,0.95,1,86,"aic",FALSE,1,TRUE,TRUE,0.1,-1,"estimated"
345,"synthetic_ar","LSVCMM",20,41,1,0.2,1,0.95,1,87,"aic",FALSE,1,FALSE,FALSE,0.1,-1,"independent"
346,"synthetic_ar","LSVCMM",20,41,1,0.2,1,0.95,1,87,"aic",FALSE,1,FALSE,TRUE,0.1,-1,"proxy"
347,"synthetic_ar","LSVCMM",20,41,1,0.2,1,0.95,1,87,"aic",FALSE,1,FALSE,FALSE,1e-05,-1,"local"
348,"synthetic_ar","LSVCMM",20,41,1,0.2,1,0.95,1,87,"aic",FALSE,1,TRUE,TRUE,0.1,-1,"estimated"
349,"synthetic_ar","LSVCMM",20,41,1,0.2,1,0.95,1,88,"aic",FALSE,1,FALSE,FALSE,0.1,-1,"independent"
350,"synthetic_ar","LSVCMM",20,41,1,0.2,1,0.95,1,88,"aic",FALSE,1,FALSE,TRUE,0.1,-1,"proxy"
351,"synthetic_ar","LSVCMM",20,41,1,0.2,1,0.95,1,88,"aic",FALSE,1,FALSE,FALSE,1e-05,-1,"local"
352,"synthetic_ar","LSVCMM",20,41,1,0.2,1,0.95,1,88,"aic",FALSE,1,TRUE,TRUE,0.1,-1,"estimated"
353,"synthetic_ar","LSVCMM",20,41,1,0.2,1,0.95,1,89,"aic",FALSE,1,FALSE,FALSE,0.1,-1,"independent"
354,"synthetic_ar","LSVCMM",20,41,1,0.2,1,0.95,1,89,"aic",FALSE,1,FALSE,TRUE,0.1,-1,"proxy"
355,"synthetic_ar","LSVCMM",20,41,1,0.2,1,0.95,1,89,"aic",FALSE,1,FALSE,FALSE,1e-05,-1,"local"
356,"synthetic_ar","LSVCMM",20,41,1,0.2,1,0.95,1,89,"aic",FALSE,1,TRUE,TRUE,0.1,-1,"estimated"
357,"synthetic_ar","LSVCMM",20,41,1,0.2,1,0.95,1,90,"aic",FALSE,1,FALSE,FALSE,0.1,-1,"independent"
358,"synthetic_ar","LSVCMM",20,41,1,0.2,1,0.95,1,90,"aic",FALSE,1,FALSE,TRUE,0.1,-1,"proxy"
359,"synthetic_ar","LSVCMM",20,41,1,0.2,1,0.95,1,90,"aic",FALSE,1,FALSE,FALSE,1e-05,-1,"local"
360,"synthetic_ar","LSVCMM",20,41,1,0.2,1,0.95,1,90,"aic",FALSE,1,TRUE,TRUE,0.1,-1,"estimated"
361,"synthetic_ar","LSVCMM",20,41,1,0.2,1,0.95,1,91,"aic",FALSE,1,FALSE,FALSE,0.1,-1,"independent"
362,"synthetic_ar","LSVCMM",20,41,1,0.2,1,0.95,1,91,"aic",FALSE,1,FALSE,TRUE,0.1,-1,"proxy"
363,"synthetic_ar","LSVCMM",20,41,1,0.2,1,0.95,1,91,"aic",FALSE,1,FALSE,FALSE,1e-05,-1,"local"
364,"synthetic_ar","LSVCMM",20,41,1,0.2,1,0.95,1,91,"aic",FALSE,1,TRUE,TRUE,0.1,-1,"estimated"
365,"synthetic_ar","LSVCMM",20,41,1,0.2,1,0.95,1,92,"aic",FALSE,1,FALSE,FALSE,0.1,-1,"independent"
366,"synthetic_ar","LSVCMM",20,41,1,0.2,1,0.95,1,92,"aic",FALSE,1,FALSE,TRUE,0.1,-1,"proxy"
367,"synthetic_ar","LSVCMM",20,41,1,0.2,1,0.95,1,92,"aic",FALSE,1,FALSE,FALSE,1e-05,-1,"local"
368,"synthetic_ar","LSVCMM",20,41,1,0.2,1,0.95,1,92,"aic",FALSE,1,TRUE,TRUE,0.1,-1,"estimated"
369,"synthetic_ar","LSVCMM",20,41,1,0.2,1,0.95,1,93,"aic",FALSE,1,FALSE,FALSE,0.1,-1,"independent"
370,"synthetic_ar","LSVCMM",20,41,1,0.2,1,0.95,1,93,"aic",FALSE,1,FALSE,TRUE,0.1,-1,"proxy"
371,"synthetic_ar","LSVCMM",20,41,1,0.2,1,0.95,1,93,"aic",FALSE,1,FALSE,FALSE,1e-05,-1,"local"
372,"synthetic_ar","LSVCMM",20,41,1,0.2,1,0.95,1,93,"aic",FALSE,1,TRUE,TRUE,0.1,-1,"estimated"
373,"synthetic_ar","LSVCMM",20,41,1,0.2,1,0.95,1,94,"aic",FALSE,1,FALSE,FALSE,0.1,-1,"independent"
374,"synthetic_ar","LSVCMM",20,41,1,0.2,1,0.95,1,94,"aic",FALSE,1,FALSE,TRUE,0.1,-1,"proxy"
375,"synthetic_ar","LSVCMM",20,41,1,0.2,1,0.95,1,94,"aic",FALSE,1,FALSE,FALSE,1e-05,-1,"local"
376,"synthetic_ar","LSVCMM",20,41,1,0.2,1,0.95,1,94,"aic",FALSE,1,TRUE,TRUE,0.1,-1,"estimated"
377,"synthetic_ar","LSVCMM",20,41,1,0.2,1,0.95,1,95,"aic",FALSE,1,FALSE,FALSE,0.1,-1,"independent"
378,"synthetic_ar","LSVCMM",20,41,1,0.2,1,0.95,1,95,"aic",FALSE,1,FALSE,TRUE,0.1,-1,"proxy"
379,"synthetic_ar","LSVCMM",20,41,1,0.2,1,0.95,1,95,"aic",FALSE,1,FALSE,FALSE,1e-05,-1,"local"
380,"synthetic_ar","LSVCMM",20,41,1,0.2,1,0.95,1,95,"aic",FALSE,1,TRUE,TRUE,0.1,-1,"estimated"
381,"synthetic_ar","LSVCMM",20,41,1,0.2,1,0.95,1,96,"aic",FALSE,1,FALSE,FALSE,0.1,-1,"independent"
382,"synthetic_ar","LSVCMM",20,41,1,0.2,1,0.95,1,96,"aic",FALSE,1,FALSE,TRUE,0.1,-1,"proxy"
383,"synthetic_ar","LSVCMM",20,41,1,0.2,1,0.95,1,96,"aic",FALSE,1,FALSE,FALSE,1e-05,-1,"local"
384,"synthetic_ar","LSVCMM",20,41,1,0.2,1,0.95,1,96,"aic",FALSE,1,TRUE,TRUE,0.1,-1,"estimated"
385,"synthetic_ar","LSVCMM",20,41,1,0.2,1,0.95,1,97,"aic",FALSE,1,FALSE,FALSE,0.1,-1,"independent"
386,"synthetic_ar","LSVCMM",20,41,1,0.2,1,0.95,1,97,"aic",FALSE,1,FALSE,TRUE,0.1,-1,"proxy"
387,"synthetic_ar","LSVCMM",20,41,1,0.2,1,0.95,1,97,"aic",FALSE,1,FALSE,FALSE,1e-05,-1,"local"
388,"synthetic_ar","LSVCMM",20,41,1,0.2,1,0.95,1,97,"aic",FALSE,1,TRUE,TRUE,0.1,-1,"estimated"
389,"synthetic_ar","LSVCMM",20,41,1,0.2,1,0.95,1,98,"aic",FALSE,1,FALSE,FALSE,0.1,-1,"independent"
390,"synthetic_ar","LSVCMM",20,41,1,0.2,1,0.95,1,98,"aic",FALSE,1,FALSE,TRUE,0.1,-1,"proxy"
391,"synthetic_ar","LSVCMM",20,41,1,0.2,1,0.95,1,98,"aic",FALSE,1,FALSE,FALSE,1e-05,-1,"local"
392,"synthetic_ar","LSVCMM",20,41,1,0.2,1,0.95,1,98,"aic",FALSE,1,TRUE,TRUE,0.1,-1,"estimated"
393,"synthetic_ar","LSVCMM",20,41,1,0.2,1,0.95,1,99,"aic",FALSE,1,FALSE,FALSE,0.1,-1,"independent"
394,"synthetic_ar","LSVCMM",20,41,1,0.2,1,0.95,1,99,"aic",FALSE,1,FALSE,TRUE,0.1,-1,"proxy"
395,"synthetic_ar","LSVCMM",20,41,1,0.2,1,0.95,1,99,"aic",FALSE,1,FALSE,FALSE,1e-05,-1,"local"
396,"synthetic_ar","LSVCMM",20,41,1,0.2,1,0.95,1,99,"aic",FALSE,1,TRUE,TRUE,0.1,-1,"estimated"
397,"synthetic_ar","LSVCMM",20,41,1,0.2,1,0.95,1,100,"aic",FALSE,1,FALSE,FALSE,0.1,-1,"independent"
398,"synthetic_ar","LSVCMM",20,41,1,0.2,1,0.95,1,100,"aic",FALSE,1,FALSE,TRUE,0.1,-1,"proxy"
399,"synthetic_ar","LSVCMM",20,41,1,0.2,1,0.95,1,100,"aic",FALSE,1,FALSE,FALSE,1e-05,-1,"local"
400,"synthetic_ar","LSVCMM",20,41,1,0.2,1,0.95,1,100,"aic",FALSE,1,TRUE,TRUE,0.1,-1,"estimated"
